Variant,Platform,HeadingBaseline_m,BlockLength_m,LowAngleFraction,BaselineHalfWindow_m,Operations,RetainedBlocks,CalibrationBlocks,MedianLocalBaselineSpeed_mps,Coefficient_m_per_rad,R2Zero,BlockRMSE_s,BlockMAE_s,RelativeCoefficientChange_pct
Baseline,A,20,20,0.4,1000,12,10157,6094,1.95661634589644,22.9090773995,0.567333022434672,4.88091501526646,2.66478831916883,0
HeadingBaseline10m,A,10,20,0.4,1000,12,10157,6094,1.95741699126381,21.290811115436,0.586469032744668,4.81094218673868,2.67324347400666,-7.06386492936372
HeadingBaseline40m,A,40,20,0.4,1000,12,10157,6094,1.95687047284815,24.5078687395284,0.504439737238356,5.16256975085037,2.80047788337435,6.97885520288681
BlockLength10m,A,20,10,0.4,1000,12,20314,12187,1.95406406759472,21.9174484709521,0.545654102541085,2.72773577484836,1.36004592822145,-4.32854152638015
BlockLength40m,A,20,40,0.4,1000,12,5078,3046,1.95516202061396,24.3457813943283,0.571745230621499,8.8271549497268,5.24777294802149,6.27133065978291
LowAngle30pct,A,20,20,0.3,1000,12,10157,7109,1.96523962176663,23.525532082743,0.556461724014415,4.69288732229657,2.56651266991777,2.6908752041511
LowAngle50pct,A,20,20,0.5,1000,12,10157,5076,1.94871244768168,22.528553614078,0.579661966688973,5.164453917113,2.82749850167419,-1.66101750317696
BaselineWindow500m,A,20,20,0.4,500,12,10157,6094,1.94428907330275,21.7093659075988,0.531570919727978,5.10135064970713,2.70893348485972,-5.23683896553335
BaselineWindow1500m,A,20,20,0.4,1500,12,10157,6094,1.96685104128596,24.4322298633281,0.590593244047798,4.82232667689569,2.67940637087631,6.64868531048457
Baseline,B,20,20,0.4,1000,10,5100,3060,3.03427451844552,50.519238504071,0.456615646547546,7.57608376168813,2.97873820487197,0
HeadingBaseline10m,B,10,20,0.4,1000,10,5100,3060,3.03238513391054,45.7142780605879,0.475015432577716,7.44019962889198,2.94137183054907,-9.51114978325713
HeadingBaseline40m,B,40,20,0.4,1000,10,5100,3060,3.03633576265988,56.1132835113715,0.429254715507025,7.76528936752525,3.0408047866777,11.0730984332824
BlockLength10m,B,20,10,0.4,1000,10,10203,6123,3.02930352005611,42.7028085268312,0.409181496255264,4.09959628047678,1.51248072055121,-15.4721848719274
BlockLength40m,B,20,40,0.4,1000,10,2552,1531,3.03015778578094,56.2622456706291,0.498301205650672,13.5366854927819,5.81659601287925,11.3679606752095
LowAngle30pct,B,20,20,0.3,1000,10,5100,3569,3.04845916899177,51.2817923474688,0.4572055583362,7.04878676243426,2.69838649351674,1.50943257653497
LowAngle50pct,B,20,20,0.5,1000,10,5100,2548,3.01396837951414,49.840426886681,0.458728280628496,8.2078269884499,3.29683192504233,-1.34366953558757
BaselineWindow500m,B,20,20,0.4,500,10,5100,3060,2.98679061931209,48.2589135427303,0.452406437102622,7.5049860747258,2.8921391194991,-4.47418652432493
BaselineWindow1500m,B,20,20,0.4,1500,10,5100,3060,3.03186286483856,51.3099279633269,0.459778169199601,7.57436549551934,2.97474203191004,1.56512545055913
