CaseID,Path,CanonicalRequestedD_m,ConstructionIntervals,EffectiveIntervals,ConstructionParity,ConstructionFactor,ActualD_m,ActualDstar,AliasCount,RequestedDAliases_m,ReturnType,Platform,PathLength_m,AbsoluteTurnAngle_rad,Coefficient_m_per_rad,BaselineSpeed_mps,BaselineTime_s,TurningExtraTime_s,TotalTime_s,TotalTime_h,IsClosed,RMSE_m,Rstar,MAE_m,BiasPredictedMinusReference_m,MaximumAbsoluteError_m,EvaluationCells,NativeNNCells,NativeNNCoverage,ExteriorFillCells,ExteriorFillFraction,NativeNN_RMSE_m,InputUniquePoints
BCS_M177,BCS,43.8311281787532,177,177,odd,1,43.7192843901016,0.0997448302307084,1,43.831128,boundary_return,A,93664.7810667363,586.5271469503,22.9090773995,1.95661634589644,47870.795551298,6867.36356597091,54738.1591172689,15.2050441992414,1,0.635629754143781,0.0155388112137542,0.334343573679001,0.0055032843045767,7.04376220703125,13110629,13110498,0.999990008107163,131,9.99189283748324e-06,0.63563161645409,355273
BCS_M177,BCS,43.8311281787532,177,177,odd,1,43.7192843901016,0.0997448302307084,1,43.831128,boundary_return,B,93664.7810667363,586.5271469503,50.519238504071,3.03427451844552,30868.9212190074,9765.40014615245,40634.3213651599,11.2873114903222,1,0.635629754143781,0.0155388112137542,0.334343573679001,0.0055032843045767,7.04376220703125,13110629,13110498,0.999990008107163,131,9.99189283748324e-06,0.63563161645409,355273
BCS_M118,BCS,65.7466922681298,118,118,even,1,65.5789265851523,0.149617245346063,1,65.746692,interior_diagonal_return,A,67822.5281727252,393.479503565335,22.9090773995,1.95661634589644,34663.1716099927,4607.06178868456,39270.2333986773,10.9083981662992,1,0.801767681973867,0.0196002729045675,0.43414428397243,0.0148940905336373,9.87382507324219,13110629,13110498,0.999990008107163,131,9.99189283748324e-06,0.801770744889465,303578
BCS_M118,BCS,65.7466922681298,118,118,even,1,65.5789265851523,0.149617245346063,1,65.746692,interior_diagonal_return,B,67822.5281727252,393.479503565335,50.519238504071,3.03427451844552,22352.1397818254,6551.24800549175,28903.3877873172,8.02871882981033,1,0.801767681973867,0.0196002729045675,0.43414428397243,0.0148940905336373,9.87382507324219,13110629,13110498,0.999990008107163,131,9.99189283748324e-06,0.801770744889465,303578
BCS_M088,BCS,87.6622563575064,88,88,even,1,87.9353788300907,0.200623124441311,1,87.662256,interior_diagonal_return,A,54602.9036289677,298.974827408151,22.9090773995,1.95661634589644,27906.8013223364,3500.55210157077,31407.3534239071,8.7242648399742,1,0.891722912897889,0.0217993476676753,0.501574768673568,0.033846162440876,9.6116943359375,13110629,13110498,0.999990008107163,131,9.99189283748324e-06,0.891726577805876,277137
BCS_M088,BCS,87.6622563575064,88,88,even,1,87.9353788300907,0.200623124441311,1,87.662256,interior_diagonal_return,B,54602.9036289677,298.974827408151,50.519238504071,3.03427451844552,17995.3736212837,4977.78975525384,22973.1633765375,6.38143427126043,1,0.891722912897889,0.0217993476676753,0.501574768673568,0.033846162440876,9.6116943359375,13110629,13110498,0.999990008107163,131,9.99189283748324e-06,0.891726577805876,277137
BCS_M044,BCS,175.324512715013,44,44,even,1,175.870757660181,0.401246248882623,1,175.32451,interior_diagonal_return,A,35253.9611712633,156.270985730751,22.9090773995,1.95661634589644,18017.8200213856,1829.70162490477,19847.5216462904,5.51320045730289,1,1.07644450448496,0.0263151116325674,0.641203177975425,-0.0131899197299582,9.61148071289062,13110629,13110498,0.999990008107163,131,9.99189283748324e-06,1.07644914147793,238439
BCS_M044,BCS,175.324512715013,44,44,even,1,175.870757660181,0.401246248882623,1,175.32451,interior_diagonal_return,B,35253.9611712633,156.270985730751,50.519238504071,3.03427451844552,11618.5799791524,2601.83814991223,14220.4181290646,3.95011614696239,1,1.07644450448496,0.0263151116325674,0.641203177975425,-0.0131899197299582,9.61148071289062,13110629,13110498,0.999990008107163,131,9.99189283748324e-06,1.07644914147793,238439
BCS_M029,BCS,262.986769072519,29,29,odd,1,266.838390932689,0.608787412097772,1,262.98677,boundary_return,A,28577.7301623536,109.503250919853,22.9090773995,1.95661634589644,14605.6891645053,1282.12076735485,15887.8099318601,4.41328053662782,1,1.17686765501072,0.0287700885548045,0.740111177118251,0.0431148357866005,8.33724975585938,13110629,13110498,0.999990008107163,131,9.99189283748324e-06,1.17687156302104,225089
BCS_M029,BCS,262.986769072519,29,29,odd,1,266.838390932689,0.608787412097772,1,262.98677,boundary_return,B,28577.7301623536,109.503250919853,50.519238504071,3.03427451844552,9418.3074038384,1823.17744045957,11241.484844298,3.12263467897166,1,1.17686765501072,0.0287700885548045,0.740111177118251,0.0431148357866005,8.33724975585938,13110629,13110498,0.999990008107163,131,9.99189283748324e-06,1.17687156302104,225089
BCS_M022,BCS,350.649025430026,22,22,even,1,351.741515320363,0.802492497765245,1,350.64903,interior_diagonal_return,A,25590.5717649359,87.2906921446734,22.9090773995,1.95661634589644,13078.993139665,1022.04462657806,14101.037766243,3.9169549350675,1,1.20734193359519,0.0295150726571257,0.756476717041897,0.0943823373833224,9.21598815917969,13110629,13110498,0.999990008107163,131,9.99189283748324e-06,1.20734707177845,219115
BCS_M022,BCS,350.649025430026,22,22,even,1,351.741515320363,0.802492497765245,1,350.64903,interior_diagonal_return,B,25590.5717649359,87.2906921446734,50.519238504071,3.03427451844552,8433.83537295964,1453.34882155007,9887.18419450971,2.74644005403047,1,1.20734193359519,0.0295150726571257,0.756476717041897,0.0943823373833224,9.21598815917969,13110629,13110498,0.999990008107163,131,9.99189283748324e-06,1.20734707177845,219115
BCS_M018,BCS,438.311281787532,18,18,even,1,429.906296502665,0.980824163935299,1,438.31128,interior_diagonal_return,A,23836.0669581906,74.5042746543749,22.9090773995,1.95661634589644,12182.2895981531,872.334629233963,13054.6242273871,3.62628450760752,1,1.26313342068238,0.0308789694532256,0.820180351013445,0.0430203436800702,9.73536682128906,13110629,13110498,0.999990008107163,131,9.99189283748324e-06,1.26313898959512,215605
BCS_M018,BCS,438.311281787532,18,18,even,1,429.906296502665,0.980824163935299,1,438.31128,interior_diagonal_return,B,23836.0669581906,74.5042746543749,50.519238504071,3.03427451844552,7855.60660819906,1240.46100573835,9096.06761393741,2.52668544831595,1,1.26313342068238,0.0308789694532256,0.820180351013445,0.0430203436800702,9.73536682128906,13110629,13110498,0.999990008107163,131,9.99189283748324e-06,1.26313898959512,215605
BCS_M012,BCS,657.466922681298,12,12,even,1,644.859444753998,1.47123624590295,1,657.46692,interior_diagonal_return,A,21212.9668776926,57.3940850079044,22.9090773995,1.95661634589644,10841.6588270777,671.999668446579,11513.6584955242,3.19823847097896,1,1.48873806468725,0.0363941737829223,0.992322577554703,0.0712978752266827,9.13638305664062,13110629,13110498,0.999990008107163,131,9.99189283748324e-06,1.48874484324735,210361
BCS_M012,BCS,657.466922681298,12,12,even,1,644.859444753998,1.47123624590295,1,657.46692,interior_diagonal_return,B,21212.9668776926,57.3940850079044,50.519238504071,3.03427451844552,6991.11657456761,955.584424418752,7946.70099898636,2.20741694416288,1,1.48873806468725,0.0363941737829223,0.992322577554703,0.0712978752266827,9.13638305664062,13110629,13110498,0.999990008107163,131,9.99189283748324e-06,1.48874484324735,210361
BCS_M009,BCS,876.622563575064,9,9,odd,1,859.812593005331,1.9616483278706,1,876.62256,boundary_return,A,19634.7964013397,44.2676684527897,22.9090773995,1.95661634589644,10035.0773632855,518.308785985191,10553.3861492707,2.93149615257518,1,1.59777661207693,0.0390597654923486,1.05809418602205,-0.0712729408032205,8.1982421875,13110629,13110498,0.999990008107163,131,9.99189283748324e-06,1.59778413656055,207203
BCS_M009,BCS,876.622563575064,9,9,odd,1,859.812593005331,1.9616483278706,1,876.62256,boundary_return,B,19634.7964013397,44.2676684527897,50.519238504071,3.03427451844552,6471.00197492967,737.03578466306,7208.03775959273,2.00223271099798,1,1.59777661207693,0.0390597654923486,1.05809418602205,-0.0712729408032205,8.1982421875,13110629,13110498,0.999990008107163,131,9.99189283748324e-06,1.59778413656055,207203
BCS_M007,BCS,1095.77820446883,7,7,odd,1,1105.473333864,2.52211927869077,1,1095.7782,boundary_return,A,18778.8159345306,37.7792228586125,22.9090773995,1.95661634589644,9597.59738996095,442.338704966908,10039.9360949279,2.78887113747996,1,2.08171783535238,0.0508903496618389,1.40481231155407,-0.243368821906465,10.1386260986328,13110629,13110498,0.999990008107163,131,9.99189283748324e-06,2.08172699464197,205493
BCS_M007,BCS,1095.77820446883,7,7,odd,1,1105.473333864,2.52211927869077,1,1095.7782,boundary_return,B,18778.8159345306,37.7792228586125,50.519238504071,3.03427451844552,6188.89814364956,629.006228174265,6817.90437182383,1.89386232550662,1,2.08171783535238,0.0508903496618389,1.40481231155407,-0.243368821906465,10.1386260986328,13110629,13110498,0.999990008107163,131,9.99189283748324e-06,2.08172699464197,205493
BCS_M006,BCS,1314.9338453626,6,6,even,1,1289.718889508,2.9424724918059,1,1314.9338,interior_diagonal_return,A,18676.943577908,35.7809610183117,22.9090773995,1.95661634589644,9545.53181418455,418.942020553058,9964.47383473761,2.76790939853823,1,1.88375957318782,0.0460509977530828,1.30153845512848,0.247851006477316,10.4893341064453,13110629,13110498,0.999990008107163,131,9.99189283748324e-06,1.88376894502066,205288
BCS_M006,BCS,1314.9338453626,6,6,even,1,1289.718889508,2.9424724918059,1,1314.9338,interior_diagonal_return,B,18676.943577908,35.7809610183117,50.519238504071,3.03427451844552,6155.32426758683,595.736111746085,6751.06037933291,1.8752945498147,1,1.88375957318782,0.0460509977530828,1.30153845512848,0.247851006477316,10.4893341064453,13110629,13110498,0.999990008107163,131,9.99189283748324e-06,1.88376894502066,205288
BCS_M005,BCS,1534.08948625636,5,5,odd,1,1547.6626674096,3.53096699016708,1,1534.0895,boundary_return,A,18014.9319747022,32.7744260043014,22.9090773995,1.95661634589644,9207.1866886344,383.739951693354,9590.92664032776,2.66414628897993,1,2.44619292399884,0.0598004259407925,1.68907620114442,-0.827841901658909,9.80537414550781,13110629,13110498,0.999990008107163,131,9.99189283748324e-06,2.44620467763849,203966
BCS_M005,BCS,1534.08948625636,5,5,odd,1,1547.6626674096,3.53096699016708,1,1534.0895,boundary_return,B,18014.9319747022,32.7744260043014,50.519238504071,3.03427451844552,5937.14638052308,545.678722897352,6482.82510342043,1.80078475095012,1,2.44619292399884,0.0598004259407925,1.68907620114442,-0.827841901658909,9.80537414550781,13110629,13110498,0.999990008107163,131,9.99189283748324e-06,2.44620467763849,203966
BCS_M004,BCS,1753.24512715013,4,4,even,1,1934.57833426199,4.41370873770885,3,,interior_diagonal_return,A,17954.6514724211,30.565781337498,22.9090773995,1.95661634589644,9176.37814386911,357.87999620136,9534.25814007047,2.64840503890846,1,2.03227964003371,0.0496817674977764,1.4356877735919,-0.0824489465914577,10.9737243652344,13110629,13110498,0.999990008107163,131,9.99189283748324e-06,2.0322894908853,203843
BCS_M004,BCS,1753.24512715013,4,4,even,1,1934.57833426199,4.41370873770885,3,,interior_diagonal_return,B,17954.6514724211,30.565781337498,50.519238504071,3.03427451844552,5917.27985166598,508.9058317121,6426.18568337808,1.78505157871613,1,2.03227964003371,0.0496817674977764,1.4356877735919,-0.0824489465914577,10.9737243652344,13110629,13110498,0.999990008107163,131,9.99189283748324e-06,2.0322894908853,203843
BCS_M003,BCS,2410.71204983143,3,3,odd,1,2579.43777901599,5.8849449836118,4,,boundary_return,A,16837.6345246407,25.0810099671818,22.9090773995,1.95661634589644,8605.48597580401,293.661452742566,8899.14742854658,2.47198539681849,1,2.51814955352951,0.0615595010541992,1.78857548652229,0.661063054370755,12.1754913330078,13110629,13110498,0.999990008107163,131,9.99189283748324e-06,2.5181621336021,201610
BCS_M003,BCS,2410.71204983143,3,3,odd,1,2579.43777901599,5.8849449836118,4,,boundary_return,B,16837.6345246407,25.0810099671818,50.519238504071,3.03427451844552,5549.14673088537,417.586977299658,5966.73370818503,1.6574260300514,1,2.51814955352951,0.0615595010541992,1.78857548652229,0.661063054370755,12.1754913330078,13110629,13110498,0.999990008107163,131,9.99189283748324e-06,2.5181621336021,201610
BCS_M002,BCS,3287.33461340649,2,2,even,1,3869.15666852399,8.8274174754177,2,,interior_diagonal_return,A,16019.0005348456,19.4664297104645,22.9090773995,1.95661634589644,8187.09327888518,227.923039621055,8415.01631850623,2.3375045329184,1,2.44000535731384,0.0596491626779198,1.83203057807404,-0.471543828202064,10.4779205322266,13110629,13110498,0.999990008107163,131,9.99189283748324e-06,2.44001674164586,199972
BCS_M002,BCS,3287.33461340649,2,2,even,1,3869.15666852399,8.8274174754177,2,,interior_diagonal_return,B,16019.0005348456,19.4664297104645,50.519238504071,3.03427451844552,5279.35110599429,324.106866200593,5603.45797219489,1.55651610338747,1,2.44000535731384,0.0596491626779198,1.83203057807404,-0.471543828202064,10.4779205322266,13110629,13110498,0.999990008107163,131,9.99189283748324e-06,2.44001674164586,199972
PCZ_M088,PCZ,43.8311281787532,88,176,even,2,43.9676894150453,0.100311562220656,1,43.831128,complementary_zigzag,A,80024.0610870907,521.322878392394,22.9090773995,1.95661634589644,40899.2091142053,6103.91822406538,47003.1273382706,13.0564242606307,1,0.715716532900523,0.0174966385931459,0.390074412812914,0.0349917310001259,8.11128234863281,13110629,13110498,0.999990008107163,131,9.99189283748324e-06,0.715718720837833,327975
PCZ_M088,PCZ,43.8311281787532,88,176,even,2,43.9676894150453,0.100311562220656,1,43.831128,complementary_zigzag,B,80024.0610870907,521.322878392394,50.519238504071,3.03427451844552,26373.3754479432,8679.77985216273,35053.155300106,9.73698758336277,1,0.715716532900523,0.0174966385931459,0.390074412812914,0.0349917310001259,8.11128234863281,13110629,13110498,0.999990008107163,131,9.99189283748324e-06,0.715718720837833,327975
PCZ_M059,PCZ,65.7466922681298,59,118,odd,2,65.5789265851523,0.149617245346063,1,65.746692,complementary_zigzag,A,55270.6492110438,338.48840682147,22.9090773995,1.95661634589644,28248.077006492,3963.19755120606,32211.2745576981,8.94757626602725,1,0.844018504522118,0.0206331502217841,0.484848995841177,0.038121587191355,8.19277954101562,13110629,13110498,0.999990008107163,131,9.99189283748324e-06,0.844021444895433,278477
PCZ_M059,PCZ,65.7466922681298,59,118,odd,2,65.5789265851523,0.149617245346063,1,65.746692,complementary_zigzag,B,55270.6492110438,338.48840682147,50.519238504071,3.03427451844552,18215.441244703,5635.67220141882,23851.1134461218,6.62530929058939,1,0.844018504522118,0.0206331502217841,0.484848995841177,0.038121587191355,8.19277954101562,13110629,13110498,0.999990008107163,131,9.99189283748324e-06,0.844021444895433,278477
PCZ_M044,PCZ,87.6622563575064,44,88,even,2,87.9353788300907,0.200623124441311,1,87.662256,complementary_zigzag,A,42813.0399441726,245.487065280755,22.9090773995,1.95661634589644,21881.1623617288,2874.28968427446,24755.4520460033,6.87651445722313,1,0.956983717289878,0.0233947344671351,0.559249306190157,0.016979487225929,8.86959838867188,13110629,13110498,0.999990008107163,131,9.99189283748324e-06,0.956987150677496,253561
PCZ_M044,PCZ,87.6622563575064,44,88,even,2,87.9353788300907,0.200623124441311,1,87.662256,complementary_zigzag,B,42813.0399441726,245.487065280755,50.519238504071,3.03427451844552,14109.8109890551,4087.24376294616,18197.0547520013,5.05473743111147,1,0.956983717289878,0.0233947344671351,0.559249306190157,0.016979487225929,8.86959838867188,13110629,13110498,0.999990008107163,131,9.99189283748324e-06,0.956987150677496,253561
PCZ_M022,PCZ,175.324512715013,22,44,even,2,175.870757660181,0.401246248882623,1,175.32451,complementary_zigzag,A,25953.888572172,112.408207452588,22.9090773995,1.95661634589644,13264.6794179168,1316.133502754,14580.8129206708,4.05022581129743,1,1.13544648770166,0.0277574932587649,0.697379602848741,0.0262972783090072,10.1630249023438,13110629,13110498,0.999990008107163,131,9.99189283748324e-06,1.13545056783208,219845
PCZ_M022,PCZ,175.324512715013,22,44,even,2,175.870757660181,0.401246248882623,1,175.32451,complementary_zigzag,B,25953.888572172,112.408207452588,50.519238504071,3.03427451844552,8553.5729922909,1871.54359554181,10425.1165878327,2.89586571884242,1,1.13544648770166,0.0277574932587649,0.697379602848741,0.0262972783090072,10.1630249023438,13110629,13110498,0.999990008107163,131,9.99189283748324e-06,1.13545056783208,219845
PCZ_M015,PCZ,262.986769072519,15,30,odd,2,257.943777901599,0.58849449836118,1,262.98677,complementary_zigzag,A,21351.0602366732,72.9050779933481,22.9090773995,1.95661634589644,10912.2364644721,853.610406592503,11765.8468710646,3.26829079751794,1,1.1507012618546,0.0281304164174524,0.748509615335648,0.0521615155933569,9.26763916015625,13110629,13110498,0.999990008107163,131,9.99189283748324e-06,1.15070601859876,210635
PCZ_M015,PCZ,262.986769072519,15,30,odd,2,257.943777901599,0.58849449836118,1,262.98677,complementary_zigzag,B,21351.0602366732,72.9050779933481,50.519238504071,3.03427451844552,7036.62773650802,1213.83513617968,8250.4628726877,2.29179524241325,1,1.1507012618546,0.0281304164174524,0.748509615335648,0.0521615155933569,9.26763916015625,13110629,13110498,0.999990008107163,131,9.99189283748324e-06,1.15070601859876,210635
PCZ_M011,PCZ,350.649025430026,11,22,odd,2,351.741515320363,0.802492497765245,1,350.64903,complementary_zigzag,A,19245.1810676438,53.8122128059248,22.9090773995,1.95661634589644,9835.95026587926,630.061253855306,10466.0115197346,2.90722542214849,1,1.29369017259289,0.0316259697252353,0.856387098892514,-0.0311296596183032,9.29130554199219,13110629,13110498,0.999990008107163,131,9.99189283748324e-06,1.29369471694453,206423
PCZ_M011,PCZ,350.649025430026,11,22,odd,2,351.741515320363,0.802492497765245,1,350.64903,complementary_zigzag,B,19245.1810676438,53.8122128059248,50.519238504071,3.03427451844552,6342.59720096232,895.947942959056,7238.54514392137,2.0107069844226,1,1.29369017259289,0.0316259697252353,0.856387098892514,-0.0311296596183032,9.29130554199219,13110629,13110498,0.999990008107163,131,9.99189283748324e-06,1.29369471694453,206423
PCZ_M009,PCZ,438.311281787532,9,18,odd,2,429.906296502665,0.980824163935299,1,438.31128,complementary_zigzag,A,18286.8974157959,44.960403057426,22.9090773995,1.95661634589644,9346.18452623508,526.419681464629,9872.60420769971,2.74239005769436,1,1.3502657125032,0.0330090337310522,0.894699390823835,0.0224144073801412,9.33955383300781,13110629,13110498,0.999990008107163,131,9.99189283748324e-06,1.35027123815358,204508
PCZ_M009,PCZ,438.311281787532,9,18,odd,2,429.906296502665,0.980824163935299,1,438.31128,complementary_zigzag,B,18286.8974157959,44.960403057426,50.519238504071,3.03427451844552,6026.77750632941,748.569488847999,6775.34699517741,1.88204083199373,1,1.3502657125032,0.0330090337310522,0.894699390823835,0.0224144073801412,9.33955383300781,13110629,13110498,0.999990008107163,131,9.99189283748324e-06,1.35027123815358,204508
PCZ_M006,PCZ,657.466922681298,6,12,even,2,644.859444753998,1.47123624590295,1,657.46692,complementary_zigzag,A,17153.8118569118,29.6105530911776,22.9090773995,1.95661634589644,8767.07990960414,346.695689234366,9113.77559883851,2.5316043330107,1,1.56234571400207,0.0381936102616817,1.03040146024939,-0.0652288300070064,8.80921936035156,13110629,13110498,0.999990008107163,131,9.99189283748324e-06,1.56235227397904,202242
PCZ_M006,PCZ,657.466922681298,6,12,even,2,644.859444753998,1.47123624590295,1,657.46692,complementary_zigzag,B,17153.8118569118,29.6105530911776,50.519238504071,3.03427451844552,5653.34868438331,493.001732294486,6146.3504166778,1.70731956018828,1,1.56234571400207,0.0381936102616817,1.03040146024939,-0.0652288300070064,8.80921936035156,13110629,13110498,0.999990008107163,131,9.99189283748324e-06,1.56235227397904,202242
PCZ_M004,PCZ,876.622563575064,4,8,even,2,967.289167130997,2.20685436885442,2,,complementary_zigzag,A,16519.3050038703,24.8607076783653,22.9090773995,1.95661634589644,8442.79208773644,291.082039462916,8733.87412719936,2.42607614644427,1,1.8659252539877,0.0456150141991821,1.25661219179257,-0.203819081685413,9.58534240722656,13110629,13110498,0.999990008107163,131,9.99189283748324e-06,1.86593374595608,200973
PCZ_M004,PCZ,876.622563575064,4,8,even,2,967.289167130997,2.20685436885442,2,,complementary_zigzag,B,16519.3050038703,24.8607076783653,50.519238504071,3.03427451844552,5444.2354847752,413.919048177208,5858.15453295241,1.62726514804234,1,1.8659252539877,0.0456150141991821,1.25661219179257,-0.203819081685413,9.58534240722656,13110629,13110498,0.999990008107163,131,9.99189283748324e-06,1.86593374595608,200973
PCZ_M003,PCZ,1314.9338453626,3,6,odd,2,1289.718889508,2.9424724918059,2,,complementary_zigzag,A,16381.1674143586,22.0426069135451,22.9090773995,1.95661634589644,8372.19184471929,258.086256372248,8630.27810109154,2.39729947252543,1,2.37906817427762,0.0581594725290166,1.55464021124512,0.288757250945161,10.1956939697266,13110629,13110498,0.999990008107163,131,9.99189283748324e-06,2.37907934291988,200696
PCZ_M003,PCZ,1314.9338453626,3,6,odd,2,1289.718889508,2.9424724918059,2,,complementary_zigzag,B,16381.1674143586,22.0426069135451,50.519238504071,3.03427451844552,5398.70974586401,366.999000633391,5765.7087464974,1.60158576291595,1,2.37906817427762,0.0581594725290166,1.55464021124512,0.288757250945161,10.1956939697266,13110629,13110498,0.999990008107163,131,9.99189283748324e-06,2.37907934291988,200696
PCZ_M002,PCZ,1753.24512715013,2,4,even,2,1934.57833426199,4.41370873770885,4,,complementary_zigzag,A,16279.5203563914,20.0395132226496,22.9090773995,1.95661634589644,8320.24141602106,234.632998149491,8554.87441417055,2.37635400393626,1,2.35604316384467,0.0575965956530052,1.64942523389534,-0.103468855808152,10.3152923583984,13110629,13110498,0.999990008107163,131,9.99189283748324e-06,2.35605409998327,200493
PCZ_M002,PCZ,1753.24512715013,2,4,even,2,1934.57833426199,4.41370873770885,4,,complementary_zigzag,B,16279.5203563914,20.0395132226496,50.519238504071,3.03427451844552,5365.21012104452,333.648436173524,5698.85855721804,1.5830162658939,1,2.35604316384467,0.0575965956530052,1.64942523389534,-0.103468855808152,10.3152923583984,13110629,13110498,0.999990008107163,131,9.99189283748324e-06,2.35605409998327,200493
PCZ_M001,PCZ,2629.86769072519,1,2,odd,2,3869.15666852399,8.8274174754177,5,,complementary_zigzag,A,16125.2136005607,17.8745814912718,22.9090773995,1.95661634589644,8241.37733203532,209.284856341934,8450.66218837726,2.34740616343813,1,2.56256064660693,0.0626451890457189,1.83936274846792,-0.159884145751209,12.4823760986328,13110629,13110498,0.999990008107163,131,9.99189283748324e-06,2.56257296299409,200185
PCZ_M001,PCZ,2629.86769072519,1,2,odd,2,3869.15666852399,8.8274174754177,5,,complementary_zigzag,B,16125.2136005607,17.8745814912718,50.519238504071,3.03427451844552,5314.35554117951,297.603344729873,5611.95888590938,1.55887746830816,1,2.56256064660693,0.0626451890457189,1.83936274846792,-0.159884145751209,12.4823760986328,13110629,13110498,0.999990008107163,131,9.99189283748324e-06,2.56257296299409,200185
BCS_M1416,BCS,5.4649105487627,1416,1416,even,1,5.4649105487627,0.0124681037788386,1,5.4649105,interior_diagonal_return,A,639180.977861633,4566.79921480337,22.9090773995,1.95661634589644,326676.703484651,53470.4500958124,380147.153580463,105.596431550129,1,0.0821616910187926,0.00200855135780039,0.0376132543486885,0.000531965251083801,4.07373046875,13110629,13110498,0.999990008107163,131,9.99189283748324e-06,0.082161758429459,1446289
BCS_M1416,BCS,5.4649105487627,1416,1416,even,1,5.4649105487627,0.0124681037788386,1,5.4649105,interior_diagonal_return,B,639180.977861633,4566.79921480337,50.519238504071,3.03427451844552,210653.641908805,76035.0513212796,286688.693230084,79.6357481194679,1,0.0821616910187926,0.00200855135780039,0.0376132543486885,0.000531965251083801,4.07373046875,13110629,13110498,0.999990008107163,131,9.99189283748324e-06,0.082161758429459,1446289
BCS_M708,BCS,10.9298210975254,708,708,even,1,10.9298210975254,0.0249362075576771,1,10.929821,interior_diagonal_return,A,327528.103461618,2287.87650581439,22.9090773995,1.95661634589644,167395.158559589,26787.6428928565,194182.801452445,53.9396670701236,1,0.179324294391738,0.00438381988638402,0.0854690367558964,0.00107302637229979,4.00144958496094,13110629,13110498,0.999990008107163,131,9.99189283748324e-06,0.179324658819358,822999
BCS_M708,BCS,10.9298210975254,708,708,even,1,10.9298210975254,0.0249362075576771,1,10.929821,interior_diagonal_return,B,327528.103461618,2287.87650581439,50.519238504071,3.03427451844552,107942.805263847,38092.0639060408,146034.869169888,40.56524143608,1,0.179324294391738,0.00438381988638402,0.0854690367558964,0.00107302637229979,4.00144958496094,13110629,13110498,0.999990008107163,131,9.99189283748324e-06,0.179324658819358,822999
BCS_M354,BCS,21.8596421950508,354,354,even,1,21.8596421950508,0.0498724151153542,1,21.859642,interior_diagonal_return,A,171694.010505539,1148.45139090579,22.9090773995,1.95661634589644,87750.473344265,13446.6636032166,101197.136947482,28.1103158187449,1,0.372967642887069,0.00911768801551431,0.18305874033592,0.00445903117115124,6.26518249511719,13110629,13110498,0.999990008107163,131,9.99189283748324e-06,0.372969184695877,511320
BCS_M354,BCS,21.8596421950508,354,354,even,1,21.8596421950508,0.0498724151153542,1,21.859642,interior_diagonal_return,B,171694.010505539,1148.45139090579,50.519238504071,3.03427451844552,56584.8638486076,19121.1735704208,75706.0374190284,21.029454838619,1,0.372967642887069,0.00911768801551431,0.18305874033592,0.00445903117115124,6.26518249511719,13110629,13110498,0.999990008107163,131,9.99189283748324e-06,0.372969184695877,511320
PCZ_M704,PCZ,5.49596117688066,704,1408,even,2,5.49596117688067,0.012538945277582,1,5.4959612,complementary_zigzag,A,620833.434538522,4585.62154823707,22.9090773995,1.95661634589644,317299.523660108,53690.8317226838,370990.355382792,103.05287649522,1,0.108671266859513,0.00265661305041348,0.0494179534877252,0.000801079545689414,3.91146850585938,13110629,13110498,0.999990008107163,131,9.99189283748324e-06,0.108669972678669,1409617
PCZ_M704,PCZ,5.49596117688066,704,1408,even,2,5.49596117688067,0.012538945277582,1,5.4959612,complementary_zigzag,B,620833.434538522,4585.62154823707,50.519238504071,3.03427451844552,204606.877447786,76348.4342884962,280955.311736282,78.0431421489674,1,0.108671266859513,0.00265661305041348,0.0494179534877252,0.000801079545689414,3.91146850585938,13110629,13110498,0.999990008107163,131,9.99189283748324e-06,0.108669972678669,1409617
PCZ_M352,PCZ,10.9919223537613,352,704,even,2,10.9919223537613,0.0250778905551639,1,10.991922,complementary_zigzag,A,311154.683350338,2220.00701192006,22.9090773995,1.95661634589644,159026.926256092,25992.9917125415,185019.917968634,51.3944216579539,1,0.238257550047185,0.00582452137631894,0.111121777831511,0.00147274697544508,6.0291748046875,13110629,13110498,0.999990008107163,131,9.99189283748324e-06,0.238256354726607,790234
PCZ_M352,PCZ,10.9919223537613,352,704,even,2,10.9919223537613,0.0250778905551639,1,10.991922,complementary_zigzag,B,311154.683350338,2220.00701192006,50.519238504071,3.03427451844552,102546.648781715,36962.0688682303,139508.717649945,38.7524215694291,1,0.238257550047185,0.00582452137631894,0.111121777831511,0.00147274697544508,6.0291748046875,13110629,13110498,0.999990008107163,131,9.99189283748324e-06,0.238256354726607,790234
PCZ_M176,PCZ,21.9838447075226,176,352,even,2,21.9838447075227,0.0501557811103278,1,21.983845,complementary_zigzag,A,156639.63162809,1079.93637996995,22.9090773995,1.95661634589644,80056.3850734488,12644.4543751025,92700.8394485513,25.7502331801531,1,0.445369681711727,0.0108876517490446,0.22032620404822,0.0117940527605149,6.72550964355469,13110629,13110498,0.999990008107163,131,9.99189283748324e-06,0.445370222434965,481207
PCZ_M176,PCZ,21.9838447075226,176,352,even,2,21.9838447075227,0.0501557811103278,1,21.983845,complementary_zigzag,B,156639.63162809,1079.93637996995,50.519238504071,3.03427451844552,51623.421241509,17980.4309785639,69603.8522200729,19.3344033944647,1,0.445369681711727,0.0108876517490446,0.22032620404822,0.0117940527605149,6.72550964355469,13110629,13110498,0.999990008107163,131,9.99189283748324e-06,0.445370222434965,481207
