CaseID,Path,CanonicalRequestedD_m,ConstructionIntervals,EffectiveIntervals,ConstructionParity,ConstructionFactor,ActualD_m,ActualDstar,AliasCount,RequestedDAliases_m
BCS_M177,BCS,43.8311281787532,177,177,odd,1,43.7192843901016,0.0997448302307084,1,43.831128
BCS_M118,BCS,65.7466922681298,118,118,even,1,65.5789265851523,0.149617245346063,1,65.746692
BCS_M088,BCS,87.6622563575064,88,88,even,1,87.9353788300907,0.200623124441311,1,87.662256
BCS_M044,BCS,175.324512715013,44,44,even,1,175.870757660181,0.401246248882623,1,175.32451
BCS_M029,BCS,262.986769072519,29,29,odd,1,266.838390932689,0.608787412097772,1,262.98677
BCS_M022,BCS,350.649025430026,22,22,even,1,351.741515320363,0.802492497765245,1,350.64903
BCS_M018,BCS,438.311281787532,18,18,even,1,429.906296502665,0.980824163935299,1,438.31128
BCS_M012,BCS,657.466922681298,12,12,even,1,644.859444753998,1.47123624590295,1,657.46692
BCS_M009,BCS,876.622563575064,9,9,odd,1,859.812593005331,1.9616483278706,1,876.62256
BCS_M007,BCS,1095.77820446883,7,7,odd,1,1105.473333864,2.52211927869077,1,1095.7782
BCS_M006,BCS,1314.9338453626,6,6,even,1,1289.718889508,2.9424724918059,1,1314.9338
BCS_M005,BCS,1534.08948625636,5,5,odd,1,1547.6626674096,3.53096699016708,1,1534.0895
BCS_M004,BCS,1753.24512715013,4,4,even,1,1934.57833426199,4.41370873770885,3,
BCS_M003,BCS,2410.71204983143,3,3,odd,1,2579.43777901599,5.8849449836118,4,
BCS_M002,BCS,3287.33461340649,2,2,even,1,3869.15666852399,8.8274174754177,2,
PCZ_M088,PCZ,43.8311281787532,88,176,even,2,43.9676894150453,0.100311562220656,1,43.831128
PCZ_M059,PCZ,65.7466922681298,59,118,odd,2,65.5789265851523,0.149617245346063,1,65.746692
PCZ_M044,PCZ,87.6622563575064,44,88,even,2,87.9353788300907,0.200623124441311,1,87.662256
PCZ_M022,PCZ,175.324512715013,22,44,even,2,175.870757660181,0.401246248882623,1,175.32451
PCZ_M015,PCZ,262.986769072519,15,30,odd,2,257.943777901599,0.58849449836118,1,262.98677
PCZ_M011,PCZ,350.649025430026,11,22,odd,2,351.741515320363,0.802492497765245,1,350.64903
PCZ_M009,PCZ,438.311281787532,9,18,odd,2,429.906296502665,0.980824163935299,1,438.31128
PCZ_M006,PCZ,657.466922681298,6,12,even,2,644.859444753998,1.47123624590295,1,657.46692
PCZ_M004,PCZ,876.622563575064,4,8,even,2,967.289167130997,2.20685436885442,2,
PCZ_M003,PCZ,1314.9338453626,3,6,odd,2,1289.718889508,2.9424724918059,2,
PCZ_M002,PCZ,1753.24512715013,2,4,even,2,1934.57833426199,4.41370873770885,4,
PCZ_M001,PCZ,2629.86769072519,1,2,odd,2,3869.15666852399,8.8274174754177,5,
BCS_M1416,BCS,5.4649105487627,1416,1416,even,1,5.4649105487627,0.0124681037788386,1,5.4649105
BCS_M708,BCS,10.9298210975254,708,708,even,1,10.9298210975254,0.0249362075576771,1,10.929821
BCS_M354,BCS,21.8596421950508,354,354,even,1,21.8596421950508,0.0498724151153542,1,21.859642
PCZ_M704,PCZ,5.49596117688066,704,1408,even,2,5.49596117688067,0.012538945277582,1,5.4959612
PCZ_M352,PCZ,10.9919223537613,352,704,even,2,10.9919223537613,0.0250778905551639,1,10.991922
PCZ_M176,PCZ,21.9838447075226,176,352,even,2,21.9838447075227,0.0501557811103278,1,21.983845
