BinLeft_m_per_rad,BinRight_m_per_rad,Frequency2023_pct,Frequency2020_pct
15,16,0,0
16,17,0,0
17,18,0,0
18,19,0.02,0
19,20,0.28,0
20,21,3.02,0
21,22,15.18,0
22,23,31.9,0
23,24,30.9,0
24,25,14.3,0
25,26,3.74,0
26,27,0.62,0
27,28,0.04,0
28,29,0,0
29,30,0,0
30,31,0,0
31,32,0,0
32,33,0,0
33,34,0,0.02
34,35,0,0
35,36,0,0.08
36,37,0,0.08
37,38,0,0.26
38,39,0,0.3
39,40,0,0.52
40,41,0,0.96
41,42,0,1.38
42,43,0,1.88
43,44,0,2.94
44,45,0,3.26
45,46,0,4.84
46,47,0,5.5
47,48,0,6.96
48,49,0,8.04
49,50,0,9.24
50,51,0,9.46
51,52,0,9.06
52,53,0,8.42
53,54,0,6.64
54,55,0,5.88
55,56,0,4.46
56,57,0,3.3
57,58,0,2.22
58,59,0,1.5
59,60,0,0.94
60,61,0,0.48
61,62,0,0.42
62,63,0,0.28
63,64,0,0.1
64,65,0,0.14
65,66,0,0.1
66,67,0,0.06
67,68,0,0.14
68,69,0,0
69,70,0,0.04
70,71,0,0
71,72,0,0.02
72,73,0,0
73,74,0,0.02
74,75,0,0.02
75,76,0,0
76,77,0,0.04
77,78,0,0
78,79,0,0
79,80,0,0
