PlatformYear,Scale_km,OperationRepresentatives,UnderlyingWindowCount,Q1_pct,Median_pct,Q3_pct,IQR_pct,Min_pct,Max_pct,AxisMaximum_pct,RepresentativesAboveAxisMaximum,WhiskerLow_pct,WhiskerHigh_pct
2023,1,12,197,3.45218070794677,4.68143692799672,7.40698270934983,3.95480200140307,1.75298098504183,9.92217899645235,13,0,1.75298098504183,9.92217899645235
2023,2,11,185,2.59090241805217,3.07114732844515,6.64529368435489,4.05439126630273,2.12861797496886,7.45150007575416,13,0,2.12861797496886,7.45150007575416
2023,3,10,174,2.12754911952103,3.00532295906706,5.4648787898521,3.33732967033107,1.97374425891258,6.16600933029915,13,0,1.97374425891258,6.16600933029915
2023,4,10,164,2.48099261279188,3.65050960890237,5.63700777025351,3.15601515746163,1.55144936473198,6.50371338398442,13,0,1.55144936473198,6.50371338398442
2023,5,10,154,2.69372498554854,3.23480801819111,4.75906728488151,2.06534229933298,1.32926048672033,8.19447275169932,13,0,1.32926048672033,5.54521381436898
2020,1,10,97,3.7900698151077,6.46142283353805,9.83779008656607,6.04772027145837,3.3480723593787,15.8783921708017,20,0,3.3480723593787,15.8783921708017
2020,2,9,87,4.41681177867426,5.69163949318648,9.12746260512118,4.71065082644692,3.60026788731675,14.8103641705231,20,0,3.60026788731675,14.8103641705231
2020,3,9,78,3.78128543636618,5.44022716837181,8.94349150146849,5.16220606510231,3.35863731437005,17.9990780499994,20,0,3.35863731437005,13.4739562660934
2020,4,8,69,3.51410699314032,4.01198679844439,11.1453201027431,7.63121310960282,2.69568490725697,19.0721164339541,20,0,2.69568490725697,19.0721164339541
2020,5,6,61,2.91651184543111,3.83812530837721,9.01227477338381,6.0957629279527,1.90263959620415,21.2532460590236,20,1,1.90263959620415,9.01227477338381
