CaseID,Path,Platform,EffectiveIntervals,ActualD_m,PathLength_m,AbsoluteTurnAngle_rad,BaselineSpeed_mps,Coefficient_m_per_rad,RMSE_m,WithTurning_h,WithoutTurning_h,TurningExtra_h,TurningShare_pct
BCS_M177,BCS,A,177,43.7192843901016,93664.7810667363,586.5271469503,1.95661634589644,22.9090773995,0.635629754143781,15.2050441992414,13.2974432086939,1.90760099054747,12.545843113318
BCS_M177,BCS,B,177,43.7192843901016,93664.7810667363,586.5271469503,3.03427451844552,50.519238504071,0.635629754143781,11.2873114903222,8.57470033861316,2.71261115170901,24.0323938436077
BCS_M118,BCS,A,118,65.5789265851523,67822.5281727252,393.479503565335,1.95661634589644,22.9090773995,0.801767681973867,10.9083981662992,9.62865878055354,1.27973938574571,11.7316893482984
BCS_M118,BCS,B,118,65.5789265851523,67822.5281727252,393.479503565335,3.03427451844552,50.519238504071,0.801767681973867,8.02871882981031,6.20892771717372,1.81979111263659,22.6660212072664
BCS_M088,BCS,A,88,87.9353788300907,54602.9036289677,298.974827408151,1.95661634589644,22.9090773995,0.891722912897889,8.7242648399742,7.75188925620454,0.972375583769655,11.1456449523893
BCS_M088,BCS,B,88,87.9353788300907,54602.9036289677,298.974827408151,3.03427451844552,50.519238504071,0.891722912897889,6.38143427126041,4.99871489480102,1.3827193764594,21.6678464069848
BCS_M044,BCS,A,44,175.870757660181,35253.9611712633,156.270985730751,1.95661634589644,22.9090773995,1.07644450448496,5.51320045730289,5.00495000594046,0.508250451362435,9.21879143155763
BCS_M044,BCS,B,44,175.870757660181,35253.9611712633,156.270985730751,3.03427451844552,50.519238504071,1.07644450448496,3.95011614696238,3.22738332754232,0.722732819420061,18.2964954075044
BCS_M029,BCS,A,29,266.838390932689,28577.7301623536,109.503250919853,1.95661634589644,22.9090773995,1.17686765501072,4.41328053662782,4.05713587902925,0.356144657598568,8.06983953643467
BCS_M029,BCS,B,29,266.838390932689,28577.7301623536,109.503250919853,3.03427451844552,50.519238504071,1.17686765501072,3.12263467897165,2.61619650106622,0.506438177905435,16.2182973665115
BCS_M022,BCS,A,22,351.741515320363,25590.5717649359,87.2906921446734,1.95661634589644,22.9090773995,1.20734193359519,3.91695493506751,3.63305364990694,0.283901285160571,7.24800999416344
BCS_M022,BCS,B,22,351.741515320363,25590.5717649359,87.2906921446734,3.03427451844552,50.519238504071,1.20734193359519,2.74644005403047,2.34273204804434,0.403708005986129,14.6993197755646
BCS_M018,BCS,A,18,429.906296502665,23836.0669581906,74.5042746543749,1.95661634589644,22.9090773995,1.26313342068238,3.62628450760753,3.38396933282032,0.242315174787211,6.68218873281625
BCS_M018,BCS,B,18,429.906296502665,23836.0669581906,74.5042746543749,3.03427451844552,50.519238504071,1.26313342068238,2.52668544831594,2.18211294672196,0.344572501593986,13.63733272868
BCS_M012,BCS,A,12,644.859444753998,21212.9668776926,57.3940850079044,1.95661634589644,22.9090773995,1.48873806468725,3.19823847097896,3.01157189641046,0.186666574568493,5.83654334291577
BCS_M012,BCS,B,12,644.859444753998,21212.9668776926,57.3940850079044,3.03427451844552,50.519238504071,1.48873806468725,2.20741694416288,1.94197682626878,0.265440117894098,12.0249198320239
BCS_M009,BCS,A,9,859.812593005331,19634.7964013397,44.2676684527897,1.95661634589644,22.9090773995,1.59777661207693,2.93149615257518,2.78752148980152,0.143974662773664,4.91130314625139
BCS_M009,BCS,B,9,859.812593005331,19634.7964013397,44.2676684527897,3.03427451844552,50.519238504071,1.59777661207693,2.00223271099798,1.79750054859157,0.204732162406406,10.2251931696971
BCS_M007,BCS,A,7,1105.473333864,18778.8159345306,37.7792228586125,1.95661634589644,22.9090773995,2.08171783535238,2.78887113747996,2.66599927498915,0.122871862490807,4.40579203676778
BCS_M007,BCS,B,7,1105.473333864,18778.8159345306,37.7792228586125,3.03427451844552,50.519238504071,2.08171783535238,1.89386232550661,1.71913837323599,0.174723952270629,9.22580009736925
BCS_M006,BCS,A,6,1289.718889508,18676.943577908,35.7809610183117,1.95661634589644,22.9090773995,1.88375957318782,2.76790939853823,2.65153661505127,0.116372783486961,4.20435667252761
BCS_M006,BCS,B,6,1289.718889508,18676.943577908,35.7809610183117,3.03427451844552,50.519238504071,1.88375957318782,1.87529454981469,1.70981229655189,0.165482253262801,8.82433393085653
BCS_M005,BCS,A,5,1547.6626674096,18014.9319747022,32.7744260043014,1.95661634589644,22.9090773995,2.44619292399884,2.66414628897993,2.557551857954,0.106594431025932,4.00107274389747
BCS_M005,BCS,B,5,1547.6626674096,18014.9319747022,32.7744260043014,3.03427451844552,50.519238504071,2.44619292399884,1.80078475095012,1.64920732792307,0.151577423027042,8.4172982332879
BCS_M004,BCS,A,4,1934.57833426199,17954.6514724211,30.565781337498,1.95661634589644,22.9090773995,2.03227964003371,2.64840503890846,2.54899392885253,0.0994111100559327,3.7536218439195
BCS_M004,BCS,B,4,1934.57833426199,17954.6514724211,30.565781337498,3.03427451844552,50.519238504071,2.03227964003371,1.78505157871613,1.64368884768499,0.141362731031138,7.9192518981895
BCS_M003,BCS,A,3,2579.43777901599,16837.6345246407,25.0810099671818,1.95661634589644,22.9090773995,2.51814955352951,2.47198539681849,2.39041277105667,0.0815726257618237,3.29988299553912
BCS_M003,BCS,B,3,2579.43777901599,16837.6345246407,25.0810099671818,3.03427451844552,50.519238504071,2.51814955352951,1.65742603005139,1.54142964746815,0.115996382583238,6.99858578784607
BCS_M002,BCS,A,2,3869.15666852399,16019.0005348456,19.4664297104645,1.95661634589644,22.9090773995,2.44000535731384,2.33750453291839,2.2741925774681,0.0633119554502928,2.70852760106725
BCS_M002,BCS,B,2,3869.15666852399,16019.0005348456,19.4664297104645,3.03427451844552,50.519238504071,2.44000535731384,1.55651610338746,1.46648641833174,0.0900296850557203,5.78405098795879
PCZ_M088,PCZ,A,176,43.9676894150453,80024.0610870907,521.322878392394,1.95661634589644,22.9090773995,0.715716532900523,13.0564242606307,11.3608914206126,1.69553284001816,12.9861959612536
PCZ_M088,PCZ,B,176,43.9676894150453,80024.0610870907,521.322878392394,3.03427451844552,50.519238504071,0.715716532900523,9.73698758336275,7.32593762442866,2.41104995893409,24.7617647479983
PCZ_M059,PCZ,A,118,65.5789265851523,55270.6492110438,338.48840682147,1.95661634589644,22.9090773995,0.844018504522118,8.94757626602726,7.84668805735891,1.10088820866835,12.30375887209
PCZ_M059,PCZ,B,118,65.5789265851523,55270.6492110438,338.48840682147,3.03427451844552,50.519238504071,0.844018504522118,6.62530929058939,5.05984479019527,1.56546450039411,23.6285497285041
PCZ_M044,PCZ,A,88,87.9353788300907,42813.0399441726,245.487065280755,1.95661634589644,22.9090773995,0.956983717289878,6.87651445722314,6.07810065603579,0.79841380118735,11.6107339867321
PCZ_M044,PCZ,B,88,87.9353788300907,42813.0399441726,245.487065280755,3.03427451844552,50.519238504071,0.956983717289878,5.05473743111147,3.91939194140421,1.13534548970727,22.4610181078707
PCZ_M022,PCZ,A,44,175.870757660181,25953.888572172,112.408207452588,1.95661634589644,22.9090773995,1.13544648770166,4.05022581129743,3.68463317164354,0.365592639653886,9.02647547783945
PCZ_M022,PCZ,B,44,175.870757660181,25953.888572172,112.408207452588,3.03427451844552,50.519238504071,1.13544648770166,2.89586571884241,2.37599249785858,0.519873220983833,17.9522557831738
PCZ_M015,PCZ,A,30,257.943777901599,21351.0602366732,72.9050779933481,1.95661634589644,22.9090773995,1.1507012618546,3.26829079751793,3.03117679568668,0.23711400183125,7.25498483829297
PCZ_M015,PCZ,B,30,257.943777901599,21351.0602366732,72.9050779933481,3.03427451844552,50.519238504071,1.1507012618546,2.29179524241324,1.95461881569667,0.337176426716578,14.7123277191872
PCZ_M011,PCZ,A,22,351.741515320363,19245.1810676438,53.8122128059248,1.95661634589644,22.9090773995,1.29369017259289,2.90722542214849,2.73220840718868,0.175017014959807,6.02007032638241
PCZ_M011,PCZ,B,22,351.741515320363,19245.1810676438,53.8122128059248,3.03427451844552,50.519238504071,1.29369017259289,2.0107069844226,1.76183255582286,0.248874428599738,12.3774588007016
PCZ_M009,PCZ,A,18,429.906296502665,18286.8974157959,44.960403057426,1.95661634589644,22.9090773995,1.3502657125032,2.74239005769436,2.59616236839863,0.14622768929573,5.33212585443334
PCZ_M009,PCZ,B,18,429.906296502665,18286.8974157959,44.960403057426,3.03427451844552,50.519238504071,1.3502657125032,1.88204083199372,1.67410486286927,0.207935969124444,11.0484302779005
PCZ_M006,PCZ,A,12,644.859444753998,17153.8118569118,29.6105530911776,1.95661634589644,22.9090773995,1.56234571400207,2.5316043330107,2.43529997489005,0.0963043581206575,3.80408410844075
PCZ_M006,PCZ,B,12,644.859444753998,17153.8118569118,29.6105530911776,3.03427451844552,50.519238504071,1.56234571400207,1.70731956018828,1.57037463455092,0.136944925637357,8.02104824607381
PCZ_M004,PCZ,A,8,967.289167130997,16519.3050038703,24.8607076783653,1.95661634589644,22.9090773995,1.8659252539877,2.42607614644427,2.34522002437124,0.0808561220730319,3.33279407538535
PCZ_M004,PCZ,B,8,967.289167130997,16519.3050038703,24.8607076783653,3.03427451844552,50.519238504071,1.8659252539877,1.62726514804234,1.51228763465978,0.114977513382558,7.06569015632642
PCZ_M003,PCZ,A,6,1289.718889508,16381.1674143586,22.0426069135451,1.95661634589644,22.9090773995,2.37906817427762,2.39729947252542,2.32560884575535,0.0716906267700685,2.99047438969093
PCZ_M003,PCZ,B,6,1289.718889508,16381.1674143586,22.0426069135451,3.03427451844552,50.519238504071,2.37906817427762,1.60158576291594,1.49964159607333,0.101944166842609,6.3652018644948
PCZ_M002,PCZ,A,4,1934.57833426199,16279.5203563914,20.0395132226496,1.95661634589644,22.9090773995,2.35604316384467,2.37635400393627,2.31117817111697,0.0651758328193028,2.74268197041953
PCZ_M002,PCZ,B,4,1934.57833426199,16279.5203563914,20.0395132226496,3.03427451844552,50.519238504071,2.35604316384467,1.5830162658939,1.49033614473459,0.0926801211593122,5.85465374905528
PCZ_M001,PCZ,A,2,3869.15666852399,16125.2136005607,17.8745814912718,1.95661634589644,22.9090773995,2.56256064660693,2.34740616343813,2.28927148112092,0.058134682317204,2.47654978600112
PCZ_M001,PCZ,B,2,3869.15666852399,16125.2136005607,17.8745814912718,3.03427451844552,50.519238504071,2.56256064660693,1.55887746830816,1.47620987254986,0.0826675957582983,5.30302075941973
BCS_M1416,BCS,A,1416,5.4649105487627,639180.977861633,4566.79921480337,1.95661634589644,22.9090773995,0.0821616910187926,105.596431550129,90.7435287457364,14.8529028043923,14.0657241787014
BCS_M1416,BCS,B,1416,5.4649105487627,639180.977861633,4566.79921480337,3.03427451844552,50.519238504071,0.0821616910187926,79.6357481194678,58.5149005302235,21.1208475892443,26.5218172592028
BCS_M708,BCS,A,708,10.9298210975254,327528.103461618,2287.87650581439,1.95661634589644,22.9090773995,0.179324294391738,53.9396670701237,46.4986551554414,7.44101191468234,13.7950645950572
BCS_M708,BCS,B,708,10.9298210975254,327528.103461618,2287.87650581439,3.03427451844552,50.519238504071,0.179324294391738,40.5652414360799,29.9841125732908,10.5811288627891,26.0842250365061
BCS_M354,BCS,A,354,21.8596421950508,171694.010505539,1148.45139090579,1.95661634589644,22.9090773995,0.372967642887069,28.1103158187449,24.3751314845181,3.73518433422681,13.2875929189528
BCS_M354,BCS,B,354,21.8596421950508,171694.010505539,1148.45139090579,3.03427451844552,50.519238504071,0.372967642887069,21.029454838619,15.7180177357243,5.31143710289466,25.2571316929273
PCZ_M704,PCZ,A,1408,5.49596117688067,620833.434538522,4585.62154823707,1.95661634589644,22.9090773995,0.108671266859513,103.05287649522,88.1387565722523,14.9141199229677,14.4722985230397
PCZ_M704,PCZ,B,1408,5.49596117688067,620833.434538522,4585.62154823707,3.03427451844552,50.519238504071,0.108671266859513,78.0431421489672,56.8352437354961,21.2078984134711,27.1745829671875
PCZ_M352,PCZ,A,704,10.9919223537613,311154.683350338,2220.00701192006,1.95661634589644,22.9090773995,0.238257550047185,51.3944216579538,44.1741461822479,7.22027547570597,14.0487532358262
PCZ_M352,PCZ,B,704,10.9919223537613,311154.683350338,2220.00701192006,3.03427451844552,50.519238504071,0.238257550047185,38.752421569429,28.4851802171429,10.2672413522862,26.4944510213158
PCZ_M176,PCZ,A,352,21.9838447075227,156639.63162809,1079.93637996995,1.95661634589644,22.9090773995,0.445369681711727,25.7502331801532,22.2378847426247,3.51234843752849,13.6400645887572
PCZ_M176,PCZ,B,352,21.9838447075227,156639.63162809,1079.93637996995,3.03427451844552,50.519238504071,0.445369681711727,19.3344033944647,14.3398392337525,4.9945641607122,25.8325227772071
