Coefficient_m_per_rad,CoefficientStar,CrossoverTimeStar,CrossoverRMSE_m,PrincipalRootCount,AbsoluteDifference_m,LocalPreferenceVerified,FocusRootCount
0,0,10.4847339209226,0.710259903099407,1,0,1,1
1,0.000129227126951864,10.5354812633553,0.710909680935588,1,0,1,1
2,0.000258454253903728,10.5862575218371,0.7115491668854,1,0,1,1
3,0.000387681380855591,10.6370623037615,0.712178581021166,1,1.11022302462516e-16,1,1
4,0.000516908507807455,10.6878952295585,0.712798137382765,1,0,1,1
5,0.000646135634759319,10.7387559317655,0.713408044193623,1,0,1,1
6,0.000775362761711183,10.7896440541772,0.714008504066205,1,0,1,1
7,0.000904589888663046,10.8405592510677,0.714599714197743,1,0,1,1
8,0.00103381701561491,10.8915011864872,0.71518186655633,1,1.11022302462516e-16,1,1
9,0.00116304414256677,10.9424714215348,0.715755057714054,1,0,1,1
10,0.00129227126951864,10.9934964140059,0.716318197682113,1,1.11022302462516e-16,1,1
11,0.0014214983964705,11.0445825379094,0.716871172165362,1,0,1,1
12,0.00155072552342237,11.0957270276096,0.717414299256634,1,0,1,1
13,0.00167995265037423,11.1469272750661,0.717947882248631,1,0,1,1
14,0.00180917977732609,11.1981808185677,0.718472210567026,1,0,1,1
15,0.00193840690427796,11.2494853324449,0.718987560628874,1,1.11022302462516e-16,1,1
16,0.00206763403122982,11.3008386176598,0.719494196633548,1,0,1,1
17,0.00219686115818168,11.3522385931861,0.719992371292635,1,1.11022302462516e-16,1,1
18,0.00232608828513355,11.4036832881004,0.720482326504503,1,0,1,1
19,0.00245531541208541,11.455170834316,0.720964293978609,1,0,1,1
20,0.00258454253903728,11.506699459898,0.72143849581409,1,0,1,1
21,0.00271376966598914,11.5582674829041,0.721905145036696,1,0,1,1
22,0.002842996792941,11.6098733057036,0.722364446097697,1,0,1,1
22.9090773995,0.00296047425345526,11.6568185144106,0.722775775307526,1,0,1,1
23,0.00297222391989287,11.6615154097301,0.722816595338027,1,0,1,1
24,0.00310145104684473,11.7131923506287,0.723261781420603,1,0,1,1
25,0.00323067817379659,11.7649027537638,0.723700185733467,1,0,1,1
26,0.00335990530074846,11.8166453100557,0.724131982766117,1,0,1,1
27,0.00348913242770032,11.8684187721161,0.724557340461225,1,0,1,1
28,0.00361835955465219,11.9202219506604,0.724976420543658,1,0,1,1
29,0.00374758668160405,11.9720537111701,0.725389378828592,1,0,1,1
30,0.00387681380855591,12.0239129707875,0.725796365510331,1,0,1,1
31,0.00400604093550778,12.0757986954218,0.726197525433294,1,0,1,1
32,0.00413526806245964,12.1277098970512,0.726592998346489,1,0,1,1
33,0.0042644951894115,12.1796456312041,0.726982919142719,1,0,1,1
34,0.00439372231636337,12.2316049946062,0.727367418083615,1,0,1,1
35,0.00452294944331523,12.2835871229809,0.727746621011502,1,0,1,1
36,0.0046521765702671,12.3355911890433,0.728120649547516,1,1.11022302462516e-16,1,1
37,0.00478140369721896,12.3876164003657,0.728489621285883,1,1.11022302462516e-16,1,1
38,0.00491063082417082,12.4396619978718,0.728853649962844,1,0,1,1
39,0.00503985795112269,12.4917272539456,0.729212845630201,1,0,1,1
40,0.00516908507807455,12.5438114708876,0.729567314812545,1,0,1,1
41,0.00529831220502642,12.5959139794196,0.729917160657303,1,0,1,1
42,0.00542753933197828,12.6480341372792,0.73026248307674,1,0,1,1
43,0.00555676645893014,12.7001713278979,0.730603378882467,1,0,1,1
44,0.00568599358588201,12.7523249591557,0.730939941912912,1,1.11022302462516e-16,1,1
45,0.00581522071283387,12.8044944622085,0.731272263154206,1,0,1,1
46,0.00594444783978573,12.8566792903831,0.731600430854906,1,0,1,1
47,0.0060736749667376,12.9088789181342,0.731924530634909,1,0,1,1
48,0.00620290209368946,12.9610928400566,0.732244645589086,1,0,1,1
49,0.00633212922064133,13.0133205699702,0.732560856385093,1,0,1,1
50,0.00646135634759319,13.0655616400211,0.732873241357763,1,0,1,1
50.519238504071,0.00652845604767707,13.0926923269139,0.733033959958097,1,0,1,1
51,0.00659058347454505,13.1178155998642,0.733181876597613,1,0,1,1
52,0.00671981060149692,13.170082015875,0.733486836035769,1,0,1,1
53,0.00684903772844878,13.2223604704059,0.733788191524736,1,0,1,1
54,0.00697826485540064,13.2746505610816,0.734086012915391,1,1.11022302462516e-16,1,1
55,0.00710749198235251,13.3269519001325,0.734380368130409,1,0,1,1
56,0.00723671910930437,13.3792641137613,0.734671323234318,1,0,1,1
57,0.00736594623625624,13.4315868415439,0.734958942500359,1,0,1,1
58,0.0074951733632081,13.4839197358593,0.735243288474364,1,0,1,1
59,0.00762440049015996,13.536262461349,0.735524422035756,1,0,1,1
60,0.00775362761711183,13.5886146944038,0.735802402455884,1,0,1,1
61,0.00788285474406369,13.6409761226756,0.736077287453788,1,0,1,1
62,0.00801208187101555,13.6933464446131,0.736349133249566,1,0,1,1
63,0.00814130899796742,13.745725369021,0.73661799461544,1,0,1,1
64,0.00827053612491928,13.7981126146393,0.73688392492465,1,0,1,1
65,0.00839976325187115,13.8505079097441,0.737146976198303,1,0,1,1
66,0.00852899037882301,13.902910991766,0.737407199150248,1,0,1,1
67,0.00865821750577487,13.9553216069282,0.737664643230107,1,0,1,1
68,0.00878744463272674,14.0077395098997,0.737919356664532,1,0,1,1
69,0.0089166717596786,14.0601644634661,0.738171386496798,1,0,1,1
70,0.00904589888663047,14.1125962382147,0.738420778624784,1,0,1,1
71,0.00917512601358233,14.1650346122344,0.738667577837444,1,0,1,1
72,0.00930435314053419,14.2174793708287,0.738911827849839,1,0,1,1
73,0.00943358026748606,14.2699303062427,0.739153571336776,1,0,1,1
74,0.00956280739443792,14.3223872174009,0.739392849965156,1,0,1,1
75,0.00969203452138978,14.3748499096574,0.739629704425051,1,0,1,1
76,0.00982126164834165,14.4273181945572,0.739864174459615,1,0,1,1
77,0.00995048877529351,14.4797918896077,0.740096298893821,1,0,1,1
78,0.0100797159022454,14.53227081806,0.74032611566215,1,0,1,1
79,0.0102089430291972,14.5847548086994,0.740553661835223,1,0,1,1
80,0.0103381701561491,14.637243695646,0.74077897364545,1,0,1,1
81,0.010467397283101,14.6897373181617,0.741002086511734,1,0,1,1
82,0.0105966244100528,14.7422355204678,0.741223035063268,1,0,1,1
83,0.0107258515370047,14.794738151568,0.741441853162469,1,1.11022302462516e-16,1,1
84,0.0108550786639566,14.8472450650801,0.741658573927092,1,1.11022302462516e-16,1,1
85,0.0109843057909084,14.8997561190744,0.741873229751539,1,0,1,1
86,0.0111135329178603,14.9522711759182,0.742085852327433,1,0,1,1
87,0.0112427600448121,15.0047901021271,0.742296472663448,1,0,1,1
88,0.011371987171764,15.057312768223,0.74250512110444,1,0,1,1
89,0.0115012142987159,15.1098390485956,0.742711827349952,1,0,1,1
90,0.0116304414256677,15.1623688213717,0.742916620472037,1,1.11022302462516e-16,1,1
91,0.0117596685526196,15.2149019682888,0.74311952893249,1,0,1,1
92,0.0118888956795715,15.2674383745735,0.743320580599495,1,1.11022302462516e-16,1,1
93,0.0120181228065233,15.3199779288248,0.74351980276371,1,0,1,1
94,0.0121473499334752,15.3725205229021,0.743717222153802,1,0,1,1
95,0.0122765770604271,15.4250660518176,0.743912864951482,1,0,1,1
96,0.0124058041873789,15.4776144136323,0.744106756806028,1,0,1,1
97,0.0125350313143308,15.5301655093561,0.744298922848337,1,0,1,1
98,0.0126642584412827,15.5827192428528,0.74448938770452,1,0,1,1
99,0.0127934855682345,15.6352755207468,0.744678175509049,1,0,1,1
100,0.0129227126951864,15.6878342523348,0.744865309917494,1,0,1,1
101,0.0130519398221382,15.7403953495001,0.745050814118835,1,0,1,1
102,0.0131811669490901,15.7929587266304,0.745234710847397,1,0,1,1
103,0.013310394076042,15.8455243005381,0.7454170223944,1,0,1,1
104,0.0134396212029938,15.8980919903855,0.745597770619129,1,1.11022302462516e-16,1,1
105,0.0135688483299457,15.9506617176062,0.745776976959864,1,0,1,1
106,0.0136980754568976,16.0032334058411,0.745954662444251,1,0,1,1
107,0.0138273025838494,16.0558069808652,0.746130847699571,1,0,1,1
108,0.0139565297108013,16.1083823705232,0.74630555296259,1,1.11022302462516e-16,1,1
109,0.0140857568377532,16.1609595046656,0.746478798089127,1,0,1,1
110,0.014214983964705,16.2135383150873,0.746650602563335,1,0,1,1
111,0.0143442110916569,16.2661187354682,0.746820985506705,1,0,1,1
112,0.0144734382186087,16.3187007013167,0.74698996568679,1,0,1,1
113,0.0146026653455606,16.3712841499135,0.747157561525691,1,0,1,1
114,0.0147318924725125,16.4238690202596,0.747323791108269,1,0,1,1
115,0.0148611195994643,16.4764552530237,0.747488672190132,1,1.11022302462516e-16,1,1
116,0.0149903467264162,16.5290427904933,0.747652222205381,1,0,1,1
117,0.0151195738533681,16.5816315765265,0.74781445827414,1,0,1,1
118,0.0152488009803199,16.6342215565057,0.747975397209855,1,0,1,1
119,0.0153780281072718,16.6868126772927,0.748135055526398,1,0,1,1
120,0.0155072552342237,16.7394048871855,0.748293449444958,1,0,1,1
121,0.0156364823611755,16.791998135877,0.748450594900738,1,0,1,1
122,0.0157657094881274,16.8445923744133,0.748606507549481,1,0,1,1
123,0.0158949366150792,16.8971875551558,0.748761202773784,1,0,1,1
124,0.0160241637420311,16.9497836317428,0.748914695689251,1,0,1,1
125,0.016153390868983,17.0023805590534,0.749067001150479,1,0,1,1
126,0.0162826179959348,17.0549782931714,0.74921813375687,1,0,1,1
127,0.0164118451228867,17.1075767913518,0.749368107858294,1,0,1,1
128,0.0165410722498386,17.1601760119872,0.749516937560584,1,0,1,1
129,0.0166702993767904,17.2127759145758,0.749664636730894,1,0,1,1
130,0.0167995265037423,17.2653764596908,0.749811219002907,1,1.11022302462516e-16,1,1
131,0.0169287536306942,17.3179776089496,0.749956697781905,1,0,1,1
132,0.017057980757646,17.3705793249852,0.7501010862497,1,0,1,1
133,0.0171872078845979,17.4231815714181,0.750244397369437,1,0,1,1
134,0.0173164350115497,17.4757843128286,0.750386643890274,1,0,1,1
135,0.0174456621385016,17.5283875147307,0.750527838351926,1,0,1,1
136,0.0175748892654535,17.5809911435464,0.750667993089107,1,0,1,1
137,0.0177041163924053,17.6335951665806,0.750807120235848,1,1.11022302462516e-16,1,1
138,0.0178333435193572,17.6861995521344,0.750945231727226,1,0,1,1
139,0.0179625706463091,17.7388042689451,0.75108233931315,1,0,1,1
140,0.0180917977732609,17.7914092869521,0.751218454548115,1,0,1,1
141,0.0182210249002128,17.8440145767595,0.751353588804404,1,1.11022302462516e-16,1,1
142,0.0183502520271647,17.8966201097415,0.751487753273593,1,0,1,1
143,0.0184794791541165,17.9492258580217,0.751620958970252,1,0,1,1
144,0.0186087062810684,18.0018317944528,0.751753216735546,1,0,1,1
145,0.0187379334080202,18.0544378925977,0.751884537240751,1,0,1,1
146,0.0188671605349721,18.1070441267103,0.75201493099068,1,0,1,1
147,0.018996387661924,18.1596504717173,0.752144408327022,1,0,1,1
148,0.0191256147888758,18.2122569032007,0.752272979431604,1,1.11022302462516e-16,1,1
149,0.0192548419158277,18.2648633973802,0.752400654329569,1,0,1,1
150,0.0193840690427796,18.3174699310971,0.752527442892476,1,0,1,1
151,0.0195132961697314,18.3700764817974,0.752653354841331,1,0,1,1
152,0.0196425232966833,18.4226830275164,0.752778399749537,1,0,1,1
153,0.0197717504236352,18.4752895468637,0.75290258704577,1,0,1,1
154,0.019900977550587,18.5278960190078,0.753025926016806,1,0,1,1
155,0.0200302046775389,18.5805024236622,0.753148425810251,1,0,1,1
156,0.0201594318044908,18.6331087410708,0.753270095437235,1,0,1,1
157,0.0202886589314426,18.6857149519952,0.753390943775021,1,0,1,1
158,0.0204178860583945,18.7383210377004,0.753510979569566,1,1.11022302462516e-16,1,1
159,0.0205471131853463,18.7909269799428,0.753630211438009,1,0,1,1
160,0.0206763403122982,18.8435327609574,0.753748647871121,1,1.11022302462516e-16,1,1
161,0.0208055674392501,18.8961383634455,0.753866297235676,1,0,1,1
162,0.0209347945662019,18.9487437705635,0.753983167776777,1,0,1,1
163,0.0210640216931538,19.0013489659107,0.754099267620139,1,1.11022302462516e-16,1,1
164,0.0211932488201057,19.0539539335185,0.754214604774298,1,0,1,1
165,0.0213224759470575,19.1065586578396,0.754329187132791,1,0,1,1
166,0.0214517030740094,19.1591631237379,0.754443022476262,1,0,1,1
167,0.0215809302009613,19.2117673164773,0.754556118474551,1,0,1,1
168,0.0217101573279131,19.2643712217123,0.754668482688713,1,0,1,1
169,0.021839384454865,19.3169748254783,0.754780122572998,1,0,1,1
170,0.0219686115818168,19.3695781141821,0.75489104547679,1,0,1,1
171,0.0220978387087687,19.4221810745929,0.755001258646497,1,0,1,1
172,0.0222270658357206,19.4747836938329,0.755110769227408,1,0,1,1
173,0.0223562929626724,19.5273859593692,0.7552195842655,1,0,1,1
174,0.0224855200896243,19.5799878590049,0.755327710709208,1,0,1,1
175,0.0226147472165762,19.6325893808712,0.755435155411162,1,0,1,1
176,0.022743974343528,19.6851905134191,0.755541925129879,1,1.11022302462516e-16,1,1
177,0.0228732014704799,19.737791245412,0.755648026531419,1,0,1,1
178,0.0230024285974318,19.7903915659175,0.755753466191013,1,0,1,1
179,0.0231316557243836,19.8429914643008,0.755858250594645,1,0,1,1
180,0.0232608828513355,19.8955909302167,0.755962386140609,1,0,1,1
181,0.0233901099782873,19.9481899536033,0.756065879141025,1,0,1,1
182,0.0235193371052392,20.0007885246747,0.756168735823333,1,0,1,1
183,0.0236485642321911,20.0533866339141,0.756270962331755,1,0,1,1
184,0.0237777913591429,20.1059842720685,0.756372564728699,1,0,1,1
185,0.0239070184860948,20.1585814301416,0.756473548996167,1,0,1,1
186,0.0240362456130467,20.2111780993874,0.756573921037131,1,1.11022302462516e-16,1,1
187,0.0241654727399985,20.2637742713046,0.756673686676862,1,0,1,1
188,0.0242946998669504,20.3163699376307,0.756772851664245,1,0,1,1
189,0.0244239269939023,20.3689650903364,0.756871421673058,1,0,1,1
190,0.0245531541208541,20.42155972162,0.756969402303229,1,0,1,1
191,0.024682381247806,20.4741538239019,0.757066799082078,1,0,1,1
192,0.0248116083747578,20.5267473898193,0.757163617465513,1,0,1,1
193,0.0249408355017097,20.5793404122214,0.757259862839212,1,0,1,1
194,0.0250700626286616,20.6319328841643,0.757355540519786,1,0,1,1
195,0.0251992897556134,20.6845247989058,0.75745065575591,1,0,1,1
196,0.0253285168825653,20.7371161499011,0.757545213729436,1,1.11022302462516e-16,1,1
197,0.0254577440095172,20.7897069307978,0.757639219556485,1,0,1,1
198,0.025586971136469,20.8422971354319,0.757732678288507,1,0,1,1
199,0.0257161982634209,20.8948867578228,0.757825594913338,1,0,1,1
200,0.0258454253903728,20.9474757921693,0.757917974356218,1,0,1,1
201,0.0259746525173246,21.0000642328452,0.758009821480803,1,0,1,1
202,0.0261038796442765,21.0526520744917,0.758101141088737,1,0,1,1
203,0.0262331067712283,21.1052393116389,0.758191937926113,1,0,1,1
204,0.0263623338981802,21.157825939249,0.758282216676385,1,0,1,1
205,0.0264915610251321,21.2104119523571,0.758371981966525,1,0,1,1
206,0.0266207881520839,21.2629973461537,0.758461238366658,1,1.11022302462516e-16,1,1
207,0.0267500152790358,21.3155821159816,0.758549990390961,1,0,1,1
208,0.0268792424059877,21.3681662573324,0.758638242498528,1,0,1,1
209,0.0270084695329395,21.4207497658425,0.758725999094243,1,0,1,1
210,0.0271376966598914,21.4733326372899,0.758813264529622,1,0,1,1
211,0.0272669237868433,21.5259148675924,0.758900043103619,1,0,1,1
212,0.0273961509137951,21.5784964528019,0.75898633906347,1,0,1,1
213,0.027525378040747,21.6310773891031,0.759072156605469,1,0,1,1
214,0.0276546051676989,21.6836576728097,0.759157499875754,1,0,1,1
215,0.0277838322946507,21.7362373003618,0.759242372971076,1,0,1,1
216,0.0279130594216026,21.7888162683227,0.759326779939548,1,0,1,1
217,0.0280422865485544,21.8413945733763,0.759410724781386,1,0,1,1
218,0.0281715136755063,21.8939722123241,0.759494211449633,1,0,1,1
219,0.0283007408024582,21.946549182083,0.75957724385087,1,0,1,1
220,0.02842996792941,21.9991254796818,0.759659825845914,1,0,1,1
221,0.0285591950563619,22.0517011022597,0.759741961250503,1,0,1,1
222,0.0286884221833138,22.1042760470627,0.759823653835976,1,0,1,1
223,0.0288176493102656,22.1568503114421,0.759904907329918,1,0,1,1
224,0.0289468764372175,22.2094238928516,0.759985725416823,1,1.11022302462516e-16,1,1
225,0.0290761035641694,22.2619967888448,0.760066111738728,1,0,1,1
226,0.0292053306911212,22.3145689971039,0.760146069895415,1,0,1,1
227,0.0293345578180731,22.3671405153208,0.760225603446627,1,0,1,1
228,0.0294637849450249,22.4197113413611,0.760304715910386,1,0,1,1
229,0.0295930120719768,22.4722814731575,0.760383410765025,1,1.11022302462516e-16,1,1
230,0.0297222391989287,22.5248509087308,0.760461691449448,1,0,1,1
231,0.0298514663258805,22.5774196461896,0.760539561363685,1,0,1,1
232,0.0299806934528324,22.6299876837273,0.760617023869455,1,0,1,1
233,0.0301099205797843,22.6825550196275,0.760694082290633,1,1.11022302462516e-16,1,1
234,0.0302391477067361,22.7351216522374,0.760770739914114,1,0,1,1
235,0.030368374833688,22.7876875799994,0.760846999989897,1,0,1,1
236,0.0304976019606399,22.8402528014272,0.760922865731911,1,0,1,1
237,0.0306268290875917,22.8928173151116,0.760998340318416,1,0,1,1
238,0.0307560562145436,22.9453811197211,0.761073426892491,1,0,1,1
239,0.0308852833414954,22.9979442139884,0.761148128562674,1,0,1,1
240,0.0310145104684473,23.0505065967349,0.76122244840311,1,0,1,1
241,0.0311437375953992,23.103068266832,0.761296389454527,1,0,1,1
242,0.031272964722351,23.1556292232254,0.761369954724349,1,0,1,1
243,0.0314021918493029,23.2081894649272,0.761443147187257,1,0,1,1
244,0.0315314189762548,23.2607489910145,0.761515969785636,1,0,1,1
245,0.0316606461032066,23.3133078006263,0.761588425430049,1,0,1,1
246,0.0317898732301585,23.3658658929647,0.761660516999636,1,0,1,1
247,0.0319191003571104,23.418423267264,0.761732247342932,1,0,1,1
248,0.0320483274840622,23.4709799229033,0.761803619276814,1,0,1,1
249,0.0321775546110141,23.5235358592293,0.761874635589204,1,0,1,1
250,0.0323067817379659,23.5760910756763,0.761945299037899,1,0,1,1
251,0.0324360088649178,23.6286455717336,0.762015612351387,1,0,1,1
252,0.0325652359918697,23.6811993469442,0.762085578229241,1,0,1,1
253,0.0326944631188215,23.7337524009036,0.762155199342513,1,0,1,1
254,0.0328236902457734,23.7863047332583,0.762224478334121,1,0,1,1
255,0.0329529173727253,23.8388563437052,0.762293417819221,1,0,1,1
256,0.0330821444996771,23.8914072319898,0.762362020385583,1,0,1,1
257,0.033211371626629,23.9439573979057,0.762430288593955,1,0,1,1
258,0.0333405987535809,23.9965068412927,0.762498224978429,1,0,1,1
259,0.0334698258805327,24.0490555620366,0.762565832046786,1,0,1,1
260,0.0335990530074846,24.1016035600672,0.762633112280857,1,0,1,1
261,0.0337282801344364,24.1541508353583,0.762700068136846,1,0,1,1
262,0.0338575072613883,24.2066973879262,0.762766702045684,1,0,1,1
263,0.0339867343883402,24.2592432178286,0.762833016413354,1,0,1,1
264,0.034115961515292,24.3117883251635,0.762899013621222,1,0,1,1
265,0.0342451886422439,24.364332710391,0.762964696020514,1,0,1,1
266,0.0343744157691958,24.4168763730448,0.763030065955975,1,0,1,1
267,0.0345036428961476,24.4694193136593,0.763095125731201,1,1.11022302462516e-16,1,1
268,0.0346328700230995,24.5219615324859,0.763159877632235,1,0,1,1
269,0.0347620971500514,24.5745030298108,0.763224323922073,1,0,1,1
270,0.0348913242770032,24.6270438059564,0.76328846684093,1,0,1,1
271,0.0350205514039551,24.6795838612792,0.763352308606552,1,0,1,1
272,0.0351497785309069,24.732123196169,0.763415851414496,1,0,1,1
273,0.0352790056578588,24.7846618110486,0.763479097438417,1,0,1,1
274,0.0354082327848107,24.8371997063723,0.763542048830344,1,0,1,1
275,0.0355374599117625,24.8897368826258,0.763604707720956,1,0,1,1
276,0.0356666870387144,24.9422733403253,0.763667076219849,1,0,1,1
277,0.0357959141656663,24.9948090800165,0.763729156415806,1,0,1,1
278,0.0359251412926181,25.0473441022743,0.763790950377053,1,0,1,1
279,0.03605436841957,25.0998784077014,0.763852460151528,1,1.11022302462516e-16,1,1
280,0.0361835955465219,25.1524119969286,0.76391368776712,1,0,1,1
281,0.0363128226734737,25.2049448705067,0.763974635233206,1,0,1,1
282,0.0364420498004256,25.2574770293386,0.764035304535716,1,0,1,1
283,0.0365712769273775,25.3100084740209,0.764095697645253,1,0,1,1
284,0.0367005040543293,25.3625392052881,0.764155816512003,1,0,1,1
285,0.0368297311812812,25.4150692238989,0.764215663067325,1,0,1,1
286,0.036958958308233,25.4675985306359,0.764275239223982,1,0,1,1
287,0.0370881854351849,25.5201271263047,0.764334546876362,1,0,1,1
288,0.0372174125621368,25.5726550117337,0.764393587900714,1,0,1,1
289,0.0373466396890886,25.6251821877735,0.76445236415536,1,0,1,1
290,0.0374758668160405,25.6777086552954,0.764510877480924,1,0,1,1
291,0.0376050939429924,25.7302344151925,0.764569129700533,1,0,1,1
292,0.0377343210699442,25.7827594683781,0.764627122620037,1,0,1,1
293,0.0378635481968961,25.8352838157852,0.764684858028219,1,0,1,1
294,0.037992775323848,25.8878074583662,0.764742337696996,1,0,1,1
295,0.0381220024507998,25.9403303970927,0.764799563381623,1,0,1,1
296,0.0382512295777517,25.9928526329544,0.764856536820894,1,1.11022302462516e-16,1,1
297,0.0383804567047035,26.045374166959,0.76491325973734,1,0,1,1
298,0.0385096838316554,26.0978950001317,0.764969733837415,1,1.11022302462516e-16,1,1
299,0.0386389109586073,26.1504151335147,0.765025960811696,1,0,1,1
300,0.0387681380855591,26.2029345681667,0.765081942335068,1,0,1,1
310,0.0400604093550778,26.7280907283952,0.765628615386658,1,0,1,1
320,0.0413526806245964,27.2531782873192,0.766152476016724,1,0,1,1
330,0.042644951894115,27.7781985160704,0.766654966908947,1,0,1,1
340,0.0439372231636337,28.3031527742957,0.767137408792631,1,0,1,1
350,0.0452294944331523,28.8280424847898,0.767601013290942,1,0,1,1
360,0.046521765702671,29.3528691129291,0.768046894155761,1,1.11022302462516e-16,1,1
370,0.0478140369721896,29.8776341500156,0.768476077123332,1,0,1,1
380,0.0491063082417082,30.4023390998115,0.76888950858645,1,0,1,1
390,0.0503985795112269,30.9269854676911,0.769288063247464,1,0,1,1
400,0.0516908507807455,31.4515747519284,0.769672550890759,1,0,1,1
410,0.0529831220502642,31.9761084367457,0.77004372239182,1,0,1,1
420,0.0542753933197828,32.5005879868077,0.770402275062526,1,1.11022302462516e-16,1,1
430,0.0555676645893014,33.0250148429023,0.770748857417537,1,0,1,1
440,0.0568599358588201,33.5493904186021,0.771084073434335,1,0,1,1
450,0.0581522071283387,34.0737160977281,0.771408486369253,1,0,1,1
460,0.0594444783978573,34.5979932324782,0.771722622183046,1,0,1,1
470,0.060736749667376,35.1222231420981,0.772026972622315,1,0,1,1
480,0.0620290209368946,35.6464071119998,0.772321997996838,1,0,1,1
490,0.0633212922064132,36.1705463932444,0.772608129687576,1,0,1,1
500,0.0646135634759319,36.6946422023249,0.772885772415624,1,0,1,1
