Platform,Scale_km,OperationKey,APE_pct,WindowSamples
A,1,20230706_3,3.86208146426514,12
A,1,20230706_4,9.92217899645235,1
A,1,20230706_5,7.06061912137978,19
A,1,20230707_1,7.57634339375961,2
A,1,20230707_2,3.25983582656548,15
A,1,20230707_3,7.57011607235298,19
A,1,20230708_1,1.75298098504183,17
A,1,20230708_3,4.99368854531824,23
A,1,20230709_1,3.64452558932805,22
A,1,20230709_2,4.3691853106752,18
A,1,20230710_1,2.2244822835681,20
A,1,20230710_2,7.24384934634668,29
A,2,20230706_3,3.07114732844515,11
A,2,20230706_5,5.78142744385294,18
A,2,20230707_1,7.45150007575416,1
A,2,20230707_2,2.55795462193029,14
A,2,20230707_3,6.93324909785554,18
A,2,20230708_1,2.12861797496886,16
A,2,20230708_3,2.6897458064178,22
A,2,20230709_1,2.46220067966967,21
A,2,20230709_2,4.88901376611016,17
A,2,20230710_1,2.90517824733752,19
A,2,20230710_2,7.17979600325131,28
A,3,20230706_3,2.46116269903228,10
A,3,20230706_5,6.01163231851943,17
A,3,20230707_2,1.97374425891258,13
A,3,20230707_3,6.16600933029915,17
A,3,20230708_1,2.03288643244329,15
A,3,20230708_3,3.16002551418064,21
A,3,20230709_1,2.12754911952103,20
A,3,20230709_2,4.50590096660738,16
A,3,20230710_1,2.85062040395348,18
A,3,20230710_2,5.4648787898521,27
A,4,20230706_3,3.61304319786269,9
A,4,20230706_5,6.50371338398442,16
A,4,20230707_2,1.55144936473198,12
A,4,20230707_3,6.38379001106315,16
A,4,20230708_1,3.68797601994205,14
A,4,20230708_3,2.48099261279188,20
A,4,20230709_1,1.66825340374345,19
A,4,20230709_2,5.04996577647865,15
A,4,20230710_1,3.27141679683209,17
A,4,20230710_2,5.63700777025351,26
A,5,20230706_3,2.95639942992086,8
A,5,20230706_5,8.19447275169932,15
A,5,20230707_2,1.64020086917023,11
A,5,20230707_3,5.54521381436898,15
A,5,20230708_1,3.28582239502108,13
A,5,20230708_3,2.69372498554854,19
A,5,20230709_1,1.32926048672033,18
A,5,20230709_2,4.75906728488151,14
A,5,20230710_1,3.18379364136113,16
A,5,20230710_2,3.8779491931288,25
B,1,20200817_2,9.83779008656607,7
B,1,20200817_3,9.20710467869367,3
B,1,20200817_4,15.8783921708017,33
B,1,20200817_7,6.56634206469172,1
B,1,20200823_1,10.894458164007,4
B,1,20200823_2,3.7386667419185,4
B,1,20200823_3,3.7900698151077,19
B,1,20200823_4,6.35650360238438,8
B,1,20200823_6,4.72594880346002,10
B,1,20200823_7,3.3480723593787,8
B,2,20200817_2,5.52645992163993,6
B,2,20200817_3,8.78442786312413,2
B,2,20200817_4,14.8103641705231,32
B,2,20200823_1,10.1565668311123,3
B,2,20200823_2,4.61687024029117,3
B,2,20200823_3,3.81663639382354,18
B,2,20200823_4,5.69163949318648,7
B,2,20200823_6,6.18616751087243,9
B,2,20200823_7,3.60026788731675,7
B,3,20200817_2,3.35863731437005,5
B,3,20200817_3,7.43333657992686,1
B,3,20200817_4,17.9990780499994,31
B,3,20200823_1,13.4739562660934,2
B,3,20200823_2,4.25143222070253,2
B,3,20200823_3,3.60344482587838,17
B,3,20200823_4,6.10580186007179,6
B,3,20200823_6,5.44022716837181,8
B,3,20200823_7,3.84056563986211,6
B,4,20200817_2,2.69568490725697,4
B,4,20200817_4,19.0721164339541,30
B,4,20200823_1,16.417745529715,1
B,4,20200823_2,4.06732640513178,1
B,4,20200823_3,3.35217909308879,16
B,4,20200823_4,3.67603489319186,5
B,4,20200823_6,5.87289467577125,7
B,4,20200823_7,3.95664719175701,5
B,5,20200817_2,3.74430556704029,3
B,5,20200817_4,21.2532460590236,29
B,5,20200823_3,2.91651184543111,15
B,5,20200823_4,1.90263959620415,4
B,5,20200823_6,9.01227477338381,6
B,5,20200823_7,3.93194504971414,4
