Station_m,Easting_m,Northing_m
0,617942.77033371478,3868716.7589291316
5.9496956504394802,617945.59197561536,3868712.4324115505
16.094643061991974,617950.40321477409,3868705.0551781743
26.237990139964268,617955.21369497501,3868697.6791085331
36.37944361577388,617960.02327713545,3868690.3044158882
46.518606224027735,617964.83177285246,3868682.9313891223
56.654916090012421,617969.63891565707,3868675.5604368215
66.787616862624418,617974.44434684981,3868668.192108993
76.915743727267227,617979.24760886771,3868660.827107233
87.03813178660198,617984.04814925848,3868653.466278634
97.153481807776643,617988.84535186097,3868646.1105679767
107.26045996360131,617993.63858410832,3868638.7609451981
117.35787516355344,617998.42728112568,3868631.418276438
125.52745530998095,618002.30170277786,3868625.4774965718
127.44476764853266,618003.54152034456,3868623.6986278887
137.52044571602983,618010.05689210386,3868614.3504857998
147.58450406896895,618016.56475005031,3868605.0131243989
157.63682698649609,618023.06501935364,3868595.6866510506
167.67757917858489,618029.55780652259,3868586.3709129388
177.70718686599957,618036.04338716995,3868577.0655146185
187.72631134306403,618042.5221889175,3868567.7698425464
197.73581701559146,618048.99477072759,3868558.4830947323
207.73673380348259,618055.46179859131,3868549.2043156237
217.73022511320778,618061.92402481765,3868539.9324258207
219.63539593872042,618063.15599115379,3868538.164821947
227.71754905443913,618068.12251859356,3868530.4100685762
237.70001875743151,618074.25680100406,3868520.8319784971
247.67896996674654,618080.38892128086,3868511.2572643803
257.65531156709449,618086.51943793858,3868501.6850541602
267.63141725615537,618092.64980962756,3868492.1130702947
277.60552332857537,618098.77895254106,3868482.5430050436
287.57958766948445,618104.90806981048,3868472.9729798338
297.5550159507743,618111.03802522866,3868463.4016459351
307.53298566164881,618117.1695423692,3868453.8278735583
317.51446343524094,618123.30321523373,3868444.2507352261
327.50021597589398,618129.43951496587,3868434.6694952929
337.49081728800957,618135.57879429474,3868425.0836030077
342.34609967677466,618138.56239196565,3868420.4250031356
347.48664901614211,618140.72979167278,3868415.4322430957
357.48790366835397,618144.94660100038,3868405.7185216085
367.49457923657997,618149.16569593828,3868395.9995350554
377.50648494522761,618153.3869960499,3868386.2754687266
387.52328085713975,618157.61035800842,3868376.5466527869
397.54454877500029,618161.83560549002,3868366.8134934097
407.56985242488054,618166.06255454931,3868357.0764143267
417.59877973333073,618170.29103144468,3868347.335815764
427.63099709517337,618174.5208955186,3868337.5920217363
437.66626649539535,618178.75204641768,3868327.8452634159
441.66220039957216,618180.43684417009,3868323.96421145
447.70446328865569,618182.98443158763,3868318.0956618632
457.74554770876898,618187.21803426207,3868308.3432557024
467.78953559882848,618191.45286112069,3868298.5880295457
477.83646721738182,618195.68892913789,3868288.8299442921
487.88638449376458,618199.92625599215,3868279.0689592171
497.93931361319392,618204.16485272383,3868269.3050488885
507.99527046093817,618208.40472603065,3868259.5381978783
518.0542492354607,618212.64587346651,3868249.7684118208
528.11621791035782,618215.38591685146,3868239.7672534655
538.18111544274757,618218.12675781385,3868229.7631839537
548.24884821139358,618220.86837085849,3868219.7562963404
558.31929135641963,618223.61072198441,3868209.7467147307
568.3922912645935,618226.35376935988,3868199.734591811
578.46766700202625,618229.09746371373,3868189.7201074199
588.54521047728645,618231.84174837894,3868179.7034683917
598.62468546811806,618234.58655902848,3868169.6849095216
608.70582701346348,618237.33182350872,3868159.6646941686
615.21455519853293,618239.10425971728,3868153.1953020077
618.78834414301764,618240.53720080561,3868149.8517728015
628.87192300259221,618244.58029755531,3868140.4178803843
638.95622959112279,618248.62368609407,3868130.9833071264
649.04091262532825,618252.66722557205,3868121.5483816774
659.12560643907409,618256.71076937218,3868112.1134461435
669.20993419267984,618260.75416639727,3868102.6788530843
679.29351167929531,618264.79726259655,3868093.2449619519
689.37595126455585,618268.83990254451,3868083.8121354058
694.39996403309601,618270.85432321578,3868079.1118205059
699.45686623399956,618273.87334544421,3868074.9114417536
709.53587352813906,618279.89061567269,3868066.5395875224
719.6125968349761,618285.90652233735,3868058.1696304237
729.68667048763405,618291.92084713164,3868049.8018741887
739.75774485985812,618297.93338132475,3868041.4366092244
749.82549048609235,618303.94392822252,3868033.0741091925
759.88960004526507,618309.95230435114,3868024.7146293619
769.94979158944989,618315.95834138489,3868016.3584039235
780.00581385647092,618321.96188931749,3868008.0056415824
790.05744944883509,618327.96281836065,3867999.6565229134
800.10451765919879,618333.9610206302,3867991.3111980176
810.14687687354763,618339.9564115809,3867982.9697845206
820.18442648117752,618345.94893114734,3867974.6323659932
830.21710508424167,618351.93854267441,3867966.2989934338
840.24489351868215,618357.92523472093,3867957.9696827605
850.26781482032129,618363.90902103949,3867949.6444148393
860.28593994473613,618369.88994399109,3867941.3231307324
870.29938827311116,618375.86807484797,3867933.00573128
880.30832775281851,618381.84351387608,3867924.6920769801
890.3129721106111,618387.81638867245,3867916.381990307
900.31358304925197,618393.78685547656,3867908.0752538838
910.31047145290722,618399.75509988936,3867899.7716094838
920.30400002971237,618405.72133845114,3867891.4707558327
930.29457779486847,618411.68581534806,3867883.1723531932
940.28267272725134,618417.64880996873,3867874.8760128515
946.53710218279548,618421.38276819105,3867869.6809405424
950.26882181353403,618423.61064289929,3867866.5812887745
960.25364231795083,618429.57168265304,3867858.2876682477
970.23783868623559,618435.53234979103,3867849.994566143
980.2222169340489,618441.49312551296,3867841.7013129643
990.20770106253485,618447.45456145692,3867833.4071412161
1000.1951800308916,618453.4171883408,3867825.1113125086
1010.1944716235903,618458.1599802475,3867818.5280341902
1020.1960812703037,618462.90387163684,3867811.9432297242
1030.2003230600626,618467.6490114854,3867805.3566923225
1040.2075058842734,618472.39554630406,3867798.7682186188
1050.2178944607531,618477.14360165212,3867792.17763433
1060.2317258369671,618481.89328996418,3867785.5847833892
1070.2492036783901,618486.64470784122,3867778.9895317089
1080.2705041886843,618491.39793885918,3867772.3917632811
1090.2957861470186,618496.15305832867,3867765.7913735695
1100.3251695650929,618500.91012317303,3867759.1882835617
1110.3587305826281,618505.66916950629,3867752.5824431293
1120.3965035219867,618510.43021360796,3867745.9738296741
1130.4384877421653,618515.19325517397,3867739.3624436199
1140.484650417442,618519.9582786347,3867732.7483065771
1150.5349377418661,618524.72525846923,3867726.1314539704
1160.5893003273718,618529.49417125224,3867719.5119183166
1170.64783582983,618534.26506330317,3867712.8896353208
1180.7107593836108,618539.03803666285,3867706.2644633437
1190.7783533556008,618543.81322526187,3867699.6362164821
1200.8509316198024,618548.59077797423,3867693.0046880906
1210.928789003965,618553.37083464081,3867686.3696840606
1221.0121789981545,618558.15351549501,3867679.7310375012
1231.1012845771897,618562.93890732434,3867673.0886279475
1241.1961997082312,618567.72705469839,3867666.442393533
1251.2969287080941,618572.51795966481,3867659.7923314148
1261.4033811280924,618577.31157932268,3867653.1385011435
1271.5153708065354,618582.10782537307,3867646.4810252823
1274.6061120072645,618583.57380345918,3867644.4461601777
1281.6326111632138,618586.90656188712,3867639.820092509
1291.7547329174504,618591.70761371055,3867633.1559459483
1301.8812926660839,618596.5107705316,3867626.4888775246
1312.0117925592313,618601.31579621346,3867619.8192150113
1322.1456771983662,618606.12242732383,3867613.1473240666
1332.2822886433732,618610.93035179295,3867606.4736378631
1342.4208448770851,618615.73919870029,3867599.7986712605
1352.560469825939,618620.54855251277,3867593.1230010428
1362.7001692888307,618625.35794166836,3867586.4472817671
1372.8388782320908,618630.16686100769,3867579.7722146246
1382.9755184540259,618634.97479912615,3867573.0985094747
1393.1090894908839,618639.78128149081,3867566.4268249981
1403.2387037258877,618644.5858870938,3867559.7577455794
1413.3636265066602,618649.38826748007,3867553.0917548942
1423.4832462269032,618654.18813255674,3867546.4292556085
1433.5971203753661,618658.98527243524,3867539.7705390607
1443.7050640595612,618663.77959941886,3867533.115726979
1453.8072213371624,618668.57118183572,3867526.4647245193
1463.9040477696744,618673.36023576453,3867519.8172317529
1473.9962842975142,618678.14711264276,3867513.1727608619
1484.0849246271132,618682.93228379835,3867506.530657616
1494.1711780441069,618687.71632281062,3867499.8901258521
1504.2564291941694,618692.49988643487,3867493.2502539558
1514.342196146893,618697.28369471105,3867486.6100424682
1524.4300878963813,618702.06851080537,3867479.9684320684
1534.520361211516,618706.85445650679,3867473.3252537064
1544.5626937069355,618711.61766326427,3867466.7136383569
1554.5977361942469,618716.37741227762,3867460.1068225619
1560.8100035653747,618719.32397015486,3867456.0168243144
1564.6341531276516,618720.83229628892,3867454.622765312
1565.1724408423611,618721.044608442,3867454.4265374122
1574.6793346201162,618724.79433007422,3867450.9608856011
1584.7390324388407,618728.76208940824,3867447.2937140954
1594.8175385637442,618732.73726713913,3867443.6196861924
1604.9178737087068,618736.72105470125,3867439.9377007186
1615.0419837033314,618740.71421957086,3867436.2470483393
1625.1909208015977,618744.71717677964,3867432.5473454646
1635.3650114947695,618748.73005510261,3867428.8384730755
1645.5639998887382,618752.75275360967,3867425.1205244549
1655.7871607975858,618756.78498627211,3867421.3937639641
1666.0333970035931,618760.82632032386,3867417.6585915834
1676.3013172207434,618764.87620701198,3867413.9155144929
1686.5892976818868,618768.93400588806,3867410.1651246231
1696.8955282763645,618772.99900300591,3867406.4080818319
1707.2180495235548,618777.07042550447,3867402.645100432
1717.5547827668897,618781.14745351742,3867398.8769381773
1718.6141121908267,618781.56527563161,3867398.490769254
1727.9035549881319,618785.22922996001,3867395.1043872233
1738.2621188588596,618789.31486843794,3867391.3282668116
1748.6281666826007,618793.40345874662,3867387.5494181933
1758.9993352508773,618797.49406878604,3867383.7687028539
1769.3732016577228,618801.58574291051,3867379.9870040417
1779.7472680650981,618805.67749591952,3867376.2052323213
1790.1189329462941,618809.76830171538,3867372.4243360558
1800.4854476792198,618813.85707618285,3867368.6453172299
1810.8438693739467,618817.94265858352,3867364.8692486472
1821.190996025141,618822.02378597821,3867361.0972975707
1831.5232864542118,618826.09906165046,3867357.3307549036
1837.8416071887164,618828.59114208084,3867355.0274684457
1841.8367382430029,618830.16690696147,3867353.5710796928
1852.1267889265137,618834.2255223773,3867349.8199351411
1862.3976376018077,618838.2765641117,3867346.0757905087
1872.707819149462,618842.34311956982,3867342.3173074336
1883.0705947333195,618846.43041923712,3867338.5396516803
1893.4852240310697,618850.5381711151,3867334.7430931265
1903.9478235073384,618854.66484345426,3867330.9290474802
1914.4519472010402,618858.80789383035,3867327.0998645565
1924.9890584406894,618862.96395519795,3867323.258656323
1935.5489499948239,618867.12900160742,3867319.4091437329
1946.1200383930391,618871.29846429091,3867315.5555494344
1956.6896269411382,618875.46733540157,3867311.702501893
1957.0141181641206,618875.59532165935,3867311.5842115637
1967.2440940184815,618879.63024228159,3867307.8549667457
1977.7691017558818,618883.78152976977,3867304.0181707344
1988.2498353708083,618887.91535460006,3867300.197514452
1998.623059058425,618892.00677522237,3867296.4160499373
2006.7514485012666,618895.21278534946,3867293.4529193658
2008.9722538021579,618896.08871831687,3867292.6433449565
2019.2960637295232,618900.16064909846,3867288.8798937793
2029.592932364073,618904.22195365967,3867285.1262638066
2039.861473418342,618908.27208521904,3867281.3829603954
2050.1004757387568,618912.31056607212,3867277.6504250616
2055.1510070191725,618914.30260330718,3867275.8092997381
2060.3089627599729,618916.33701104019,3867273.9290138031
2070.4861954641137,618920.35112863942,3867270.2189960219
2080.6316492761061,618924.3527119658,3867266.5205629477
2090.7450461488729,618928.34165135177,3867262.8338159397
2100.8263677151872,618932.31793955294,3867259.1587616932
2110.8759494647425,618936.28170889348,3867255.4952779086
2115.343300604316,618938.0437274453,3867253.8667456107
2120.8944896926246,618940.23323479597,3867251.8431100291
2130.8830376406913,618944.17293110373,3867248.2018755632
2140.843004047103,618948.10135424207,3867244.5710602389
2150.7761417066395,618952.01919555047,3867240.95002509
2160.6845277663879,618955.92727430002,3867237.3380129123
2170.5705279665394,618959.82652358932,3867233.7341612969
2180.43674245382,618963.71796897147,3867230.1375223831
2190.2859613082528,618967.60271091363,3867226.5470790728
2192.4658589180044,618968.46250901534,3867225.7524171909
2200.1211113170957,618971.48190380319,3867222.9617644325
2209.9451854099561,618975.35672811524,3867219.3804874169
2219.761189411337,618979.22836941108,3867215.8021522802
2224.917159679168,618981.26199403126,3867213.9225901309
2229.572069342546,618985.6348228649,3867212.5612377585
2236.6693575958343,618992.30202565924,3867210.4855991518
2239.3806582081875,618994.8490253546,3867209.692665285
2249.1896606140836,619004.06361632457,3867206.8239718694
2259.0016908605289,619013.28105165239,3867203.9543929468
2268.8193061935021,619022.50373361842,3867201.0831806366
2278.6449943482476,619031.73399920494,3867198.2096073879
2288.4811403698536,619040.97408892645,3867195.3329756819
2298.3299991043586,619050.22612098884,3867192.4526260775
2308.1936589401853,619059.49205722718,3867189.5679478142
2318.0739804348432,619068.77364545176,3867186.6783967637
2327.9725351684351,619078.07236200722,3867183.7835133076
2336.7221674705961,619086.29177917785,3867181.2246381505
2337.8905571712985,619087.38936614327,3867180.882936548
2347.828918688474,619096.72547724855,3867177.9764113929
2357.7881066920413,619106.08115278499,3867175.0637954231
2358.8935877379467,619107.11964326981,3867174.7404917823
2367.7682201714629,619115.45648574352,3867172.1450596908
2377.7689671224125,619124.85120181495,3867169.2202895931
2387.0428922920337,619133.56314045959,3867166.5080822795
2387.7896566223826,619134.26465194568,3867166.2896871939
2397.8292376331001,619143.69584878872,3867163.3535598749
2407.8863910528989,619153.14355317806,3867160.4122934137
2417.9596427223828,619162.60638028639,3867157.466318937
2428.047390393458,619172.08282495942,3867154.5161050288
2438.1479554793232,619181.57131033042,3867151.5621426022
2448.2596584619246,619191.07025865756,3867148.6049228394
2458.3809540377201,619200.57821828057,3867145.6448976742
2468.5104272745489,619210.09386001015,3867142.6824809089
2478.6468511733688,619219.61603120156,3867139.7180313868
2488.7891917298457,619229.14376050967,3867136.7518515084
2498.9366523748272,619238.67629963625,3867133.7841742327
2509.0886580573606,619248.21310837776,3867130.8151677377
2519.2448594330276,619257.7538585593,3867127.8449341906
2529.4050955419038,619267.29839897517,3867124.8735206649
2539.5693584722594,619276.84672219283,3867121.9009294743
2549.7377412924138,619286.39891564101,3867118.9271334009
2559.9104146542545,619295.95513963001,3867115.9520825362
2570.0875829593724,619305.51558617537,3867112.9757171017
2571.6595948814797,619306.99233643617,3867112.5159740965
2580.2694484926487,619315.08044530358,3867109.9979779394
2590.4561675590785,619324.64986384776,3867107.0188193358
2600.6478163091142,619334.22391334386,3867104.0382190212
2610.844361194866,619343.80256227683,3867101.0561868059
2621.0456358341498,619353.38565434713,3867098.0727713499
2631.251317536949,619362.97288641927,3867095.0880670254
2641.4609156176675,619372.56379754236,3867092.1022173362
2651.6737894254916,619382.1577858883,3867089.1154096439
2661.889179575769,619391.75413808995,3867086.1278660335
2672.1062636580023,619401.35208157368,3867083.1398270242
2672.7431094306285,619401.95033540856,3867082.953578189
2682.3241742214259,619410.50648460793,3867083.135623917
2692.5420281052475,619419.63130363729,3867083.3297690023
2702.758951110015,619428.75529136683,3867083.5238964013
2712.9741208873193,619437.87771341682,3867083.7179904869
2723.1867745807667,619446.99788853608,3867083.9120367663
2733.3962331320195,619456.1152103073,3867084.1060223356
2743.6018920366278,619465.22913889156,3867084.2999357102
2753.8031862677753,619474.3391697047,3867084.4937661528
2763.9996029348558,619483.4448447217,3867084.687503919
2774.190685335232,619492.54575609462,3867084.8811403313
2784.3760187581984,619501.64153347583,3867085.0746675101
2794.5552391813653,619510.73185178323,3867085.2680785377
2804.728026865334,619519.81642548111,3867085.4613673389
2814.8940945919494,619528.89499807591,3867085.6545284586
2825.0531877035455,619537.96734215145,3867085.8475570558
2835.2050864303064,619547.03326144733,3867086.0404489562
2845.3495982720369,619556.09258405562,3867086.2332005007
2855.4865706818728,619565.14517374802,3867086.425808792
2865.6158853025809,619574.19092482829,3867086.6182715809
2875.7374351117323,619583.22974172235,3867086.8105868343
2885.8511217980622,619592.26153663592,3867087.0027526831
2888.2533276434697,619594.40677122818,3867087.0483959727
2895.9568785081265,619601.28624986671,3867087.1947678588
2906.0546303122665,619610.30381450057,3867087.3866309361
2916.1443009763643,619619.31416245864,3867087.5783404671
2926.2258024950543,619628.31721514952,3867087.7698947797
2936.2990360848244,619637.31288435706,3867087.9612919968
2946.3639165159075,619646.30109396856,3867088.1525304993
2956.420403954422,619655.28180841135,3867088.3436095295
2966.4685678437017,619664.25508970022,3867088.5345304077
2976.5086572705677,619673.22116027656,3867088.7252978673
2986.5411493675329,619682.18044623232,3867088.9159209728
2996.5667701510019,619691.13359591994,3867089.106413519
3006.5865159516879,619700.08149908949,3867089.2967944378
3016.6016860016825,619709.02531599032,3867089.4870884144
3026.6138677779918,619717.96646428225,3867089.6773256124
3036.6248697596102,619726.90655898547,3867089.867540393
3046.6366489501161,619735.84734775743,3867090.0577699412
3056.6512454879385,619744.79065249639,3867090.2480530208
3066.6707217233607,619753.73831493687,3867090.4384288178
3076.6971037971825,619762.69214447727,3867090.6289358293
3086.7323312579028,619771.65387318667,3867090.8196109082
3090.4944890468114,619775.01358153392,3867090.8910940643
3096.7782140411127,619779.51606198878,3867093.8245283002
3106.8363957135298,619786.72305568017,3867098.5199938873
3116.9083192152002,619793.93989581091,3867103.2218745784
3126.9951853725061,619801.16744280979,3867107.9307309566
3137.0979070720296,619808.40635078785,3867112.6469891844
3147.2170707231571,619815.65703992522,3867117.3709230158
3148.8692129174715,619816.8408501565,3867118.1421933183
3157.3529075384722,619822.91967589303,3867122.102640389
3167.5052701743725,619830.1941531148,3867126.8420725185
3177.6736148842037,619837.48008197965,3867131.5889655668
3187.8569900649936,619844.776780635,3867136.3428752967
3198.0540321927683,619852.08327207435,3867141.1031651739
3208.2629568466309,619859.39827770577,3867145.8690021764
3218.4816582688818,619866.7202886896,3867150.639403272
3227.5085568277591,619873.18833660171,3867154.8534344872
3228.7078252015326,619874.0476489393,3867155.4132894953
3238.9389992598863,619881.37859694706,3867160.1895131972
3249.1726077559197,619888.71128930361,3867164.9668733687
3259.4060095864497,619896.04383357801,3867169.7441370627
3269.6365162864413,619903.37430340308,3867174.5200492213
3279.8614311334741,619910.7007664952,3867179.2933509331
3282.2918908369056,619912.44226494106,3867180.4279635567
3290.0780659692982,619918.02129670698,3867184.0627872832
3300.2838044022956,619925.33401931403,3867188.8271368602
3305.2742668588417,619928.90983774851,3867191.1568367491
3310.4761167598508,619932.63712172885,3867193.5852187369
3320.6525837345662,619939.92887044395,3867198.3359035053
3330.8108890618123,619947.20760578534,3867203.0781098641
3340.9488290690479,619954.47174875415,3867207.8108090712
3351.0643307823548,619961.71981400158,3867212.5330333989
3355.0572593101069,619964.58086897619,3867214.3970540641
3361.155476283554,619968.95042728074,3867217.2438875055
3371.2205242244181,619976.16234086268,3867221.9425584753
3381.2579547583282,619983.35446573084,3867226.6283367984
3391.2664512492929,619990.52585847548,3867231.3006078289
3401.2448783488753,619997.6757055847,3867235.9588415516
3411.1922626085016,620004.8033095533,3867240.6025835313
3421.1078033467811,620011.90809666831,3867245.2314599846
3430.990859563105,620018.98960763344,3867249.8451716742
3437.7167581623817,620023.80891895143,3867252.9850260178
3440.8409666269727,620026.0475095266,3867254.4435016955
3450.6578942641099,620033.08163734933,3867259.0263425494
3456.0588760729634,620036.95160541032,3867261.5476853773
3460.4416447906215,620039.87572094193,3867263.791774041
3470.1924544336625,620046.38131038984,3867268.7844357104
3479.9748288902083,620052.90795939357,3867273.7932593646
3489.7466328495957,620059.42755592498,3867278.7966706567
3499.4922266629401,620065.9296654521,3867283.7866616892
3509.2108378901976,620072.41377261479,3867288.7628369532
3518.9015762622221,620078.87928343948,3867293.7247406095
3528.5634450781326,620085.32553294278,3867298.6718623214
3538.1952990614836,620091.75175701361,3867303.6036156779
3547.7958043570297,620098.15706572472,3867308.5193177126
3557.3633953736553,620104.54041453777,3867313.4181668013
3566.8962653038416,620110.90059797862,3867318.2992378143
3576.3923507170175,620117.23623935855,3867323.1614742223
3585.849323655777,620123.5457855002,3867328.0036840523
3595.2731432986666,620129.83321227529,3867332.8289185539
3604.6837860686974,620136.11184764467,3867337.6474061632
3614.0943785038162,620142.39044943126,3867342.4658679999
3623.5153338307919,620148.67596517911,3867347.2896358985
3632.9549063223185,620154.97390201129,3867352.1229362586
3642.4195618217245,620161.28857383854,3867356.9690797538
3651.9142612883534,620167.62329053634,3867361.830606522
3661.442686292733,620173.98050839151,3867366.7094016206
3671.0074141399564,620180.36194694217,3867371.6067846944
3680.6100693023973,620186.76869001123,3867376.5235875146
3690.2514564771618,620193.20127448009,3867381.4602221074
3699.9316825180522,620199.65977163997,3867386.4167431835
3709.6502729341646,620206.1438649178,3867391.3929077927
3719.4062876609669,620212.65292711742,3867396.3882345967
3729.1984508563373,620219.18610701617,3867401.4020703332
3739.025269431826,620225.74240844883,3867406.4336505025
3748.8851572657777,620232.32077317964,3867411.4821629701
3758.7765654769,620238.92016781855,3867416.5468146699
3768.6981220302059,620245.53967696545,3867421.626903085
3778.6487620212374,620252.17859013239,3867426.721882957
3788.6278578875772,620258.83648861933,3867431.8314329591
3798.6353256476914,620265.51331639523,3867436.9555100901
3808.671665950661,620272.20940748532,3867442.0943706934
3818.7379433354481,620278.92547213356,3867447.2485598424
3828.8356928977328,620285.66253453202,3867452.4188635438
3838.9667721644782,620292.4218339941,3867457.6062328988
3844.9914064652976,620296.4413768599,3867460.6909983535
3849.1331675422525,620299.20469581953,3867462.8116849973
3859.3367839291423,620306.01239092671,3867468.0361951953
3869.5792441272661,620312.84600202425,3867473.2805944104
3879.8616923985937,620319.70629254612,3867478.5454685315
3890.1845996386855,620326.59357666632,3867483.8310586703
3900.5475654364136,620333.50758723693,3867489.1371598067
3910.9491343530181,620340.4473532117,3867494.4630267173
3921.386664119138,620347.41111170931,3867499.8073064946
3931.8562571949988,620354.39626235142,3867505.1680034995
3942.3527517161465,620361.39936122205,3867510.5424747253
3952.8697726069549,620368.41615496913,3867515.9274559729
3963.3998495422993,620375.44165950723,3867521.3191222469
3967.6312553363778,620378.26478803623,3867523.4857092574
3973.9346043543774,620383.72376818722,3867527.8528933781
3984.465013314225,620392.8435699516,3867535.1487347898
3994.9817026949549,620401.951489951,3867542.4350707894
4005.475272769806,620411.03938760504,3867549.705388912
4015.9366772698577,620420.09942844289,3867556.9534215825
4026.3785216173692,620429.1425293202,3867564.1879022843
4036.8671845745694,620438.22617719229,3867571.4548205817
4047.4216715605871,620447.36683159636,3867578.7673441051
4058.048513009724,620456.57014817849,3867586.1299973708
4068.7476285909943,620465.83605736832,3867593.5427247225
4079.5141818757256,620475.1603706039,3867601.0021753106
4090.3399044656217,620484.53592708521,3867608.5026204959
4101.2139148033311,620493.95330290031,3867616.0365211479
4112.1233389598556,620503.40134865511,3867623.5949577517
4123.0537457406999,620512.86756629427,3867631.1679318631
4133.9895370328031,620522.33844715939,3867638.7446365547
4144.9142476215357,620531.79973164329,3867646.313664142
4155.8108840426803,620541.23670265137,3867653.8632409484
4166.6621674148591,620550.63439590519,3867661.3813955514
4177.4507809234929,620559.97781427426,3867668.8561302465
4188.1596418765466,620569.25216338888,3867676.275609538
4198.7722273483423,620578.44313366152,3867683.6283857562
4209.2729383563592,620587.5372156807,3867690.9036513716
4219.6757062345332,620596.54647460021,3867698.1110585071
4230.024928554385,620612.83762934071,3867699.3328951122
4240.3156598348023,620629.03671082738,3867700.5478262235
4250.5464826391753,620645.14148781239,3867701.7556844973
4260.7167269794954,620661.1509056387,3867702.9563908339
4270.8264878625214,620677.06511386088,3867704.1499564508
4280.8766287112121,620692.88547162979,3867705.336483283
4290.8687679724417,620708.6145266121,3867706.5161624067
4300.8052713898669,620724.25600282638,3867707.6892731222
4310.6892303533414,620739.81476656219,3867708.856180402
4320.524440123063,620755.29679210111,3867710.0173323173
4330.3153738521059,620770.55622357794,3867708.6533607882
4340.0671148533656,620785.75457214273,3867707.2948491843
4349.7852658347792,620800.90056976536,3867705.9410169944
4359.4758583494931,620816.00361678214,3867704.5910239639
4369.1452427085742,620831.07361032255,3867703.243985435
4378.7999491412411,620846.98825078458,3867696.7786627482
4388.4465357760591,620862.88950672105,3867690.3187775249
4389.6906882203639,620864.94034472108,3867689.4856245872
4398.0914344821258,620875.65672662633,3867689.6344632246
4407.7408048058633,620887.96591134788,3867689.8054241231
4417.4004150226338,620900.28815855226,3867689.9765664451
4427.0755440394769,620912.63020225847,3867690.1479837182
4436.7708827326942,620924.99802636611,3867690.3197590527
4446.490455380208,620937.39676443068,3867690.4919637474
4449.4252283931255,620941.14049712196,3867690.5439600348
4456.2375664931997,620949.50209905428,3867693.331160679
4466.0147707598262,620961.50283784454,3867697.3314069426
4475.8238467634965,620973.54269665107,3867701.3446932118
4485.6657752875544,620985.62287930725,3867705.3714207639
4495.5407330338912,620997.74360270076,3867709.4116618955
4501.7528279775233,621005.36845401058,3867711.9532789988
4505.4481327698486,621009.90414605034,3867713.4651763453
4515.386686345726,621022.10292825464,3867717.5314370804
4525.3544887420112,621034.3376110543,3867721.6096646804
4535.3491879796093,621046.60530758242,3867725.6988968565
4537.3740897032885,621049.09071302135,3867726.5273653362
4545.3681669491307,621058.19751580234,3867727.7560609495
4555.4086767162016,621069.63560170738,3867729.2992947618
4565.4679070114626,621081.09501392092,3867730.8454059334
4575.5430315720932,621092.57253278233,3867732.3939600652
4585.6312299211686,621104.06494522165,3867733.9445236493
4595.7297763965908,621115.56914618169,3867735.4966777461
4605.8360430925122,621127.08214196865,3867737.0500184479
4615.947528269523,621138.6010826166,3867738.6041612336
4626.0618883194938,621150.12329830183,3867740.1587458896
4636.1769813634073,621161.64634900924,3867741.7134432076
4646.2908731261114,621173.16803122452,3867743.2679558867
4654.4307953770967,621182.44097972289,3867744.5190679859
4656.4018403531354,621184.55641489255,3867744.9519121791
4666.5083682483573,621195.4033031232,3867747.1713196337
4676.609156089894,621206.2440308088,3867749.3894665646
4686.7030678607298,621217.07737871259,3867751.6061035008
4696.7891387556328,621227.90231135208,3867753.8210185701
4706.8665967516672,621238.71800014901,3867756.0340422345
4716.934918233912,621249.52388313087,3867758.2450595084
4726.9938113909702,621260.31964710937,3867760.4540063087
4737.043201112323,621271.10521147167,3867762.6608661413
4747.101438191773,621281.90027131117,3867764.8696688665
4757.1630626992783,621292.69896672713,3867767.0792154754
4767.1970337506427,621303.46798291465,3867769.2826893465
4777.2099926621177,621314.21444770426,3867771.4815489235
4787.2072445770946,621324.94405487098,3867773.6769592222
4797.1930745319696,621335.66140335461,3867775.8698612424
4807.1709711498052,621346.37023733917,3867778.061021091
4817.1437923368949,621357.07362408901,3867780.2510663685
4821.9031363604781,621362.18161698338,3867781.2962248754
4827.1138899192247,621367.087466878,3867781.1413032999
4837.083209960615,621376.47343900718,3867780.8449041797
4847.0533975542412,621385.86022792442,3867780.5484792669
4857.025850465835,621395.24914960598,3867780.2519870028
4867.0017511709293,621404.64131733589,3867779.9553922331
4876.9820386728725,621414.03761517222,3867779.6586670382
4886.9674290344483,621423.43871727784,3867779.3617901294
4896.9584338057966,621432.84510526981,3867779.0647462979
4906.9553855506883,621442.25709225237,3867778.7675256561
4916.9584629660148,621451.67484646593,3867778.4701228915
4926.967704722194,621461.09840431821,3867778.1725368546
4936.9830191120091,621470.52767946816,3867777.8747702702
4947.0041827300693,621479.96246158262,3867777.5768297827
4957.0308357796885,621489.40241191851,3867777.2787260879
4967.0624703881367,621498.84705232061,3867776.9804742853
4977.0984064511513,621508.29574248078,3867776.6820945963
4987.1377709569379,621517.74766047066,3867776.3836129755
4997.1794689954222,621527.20177544816,3867776.0850619762
5007.2221513111062,621536.65681710851,3867775.7864817129
5017.2641682089334,621546.11123228748,3867775.4879212338
5027.293568265196,621555.55376889079,3867775.1897358675
5037.3362710344772,621565.00882980798,3867774.8911549961
5047.3858725680684,621574.47038581304,3867774.5923690177
5057.4424989492272,621583.93855561141,3867774.2933741817
5067.5061870766704,621593.41337394295,3867773.9941693922
5077.5769398970069,621602.89484358171,3867773.6947545614
5087.6547189752382,621612.38292834163,3867773.3951308322
5088.8797593884219,621613.53628635686,3867773.3587090001
5097.7394652681542,621622.73238836078,3867771.1874071378
5107.8310461741612,621633.20713872521,3867768.7142021912
5117.9291819448663,621643.68869283749,3867766.239390803
5128.0334095284097,621654.17657006392,3867763.7630864582
5138.1430858730573,621664.67010293656,3867761.2854467519
5148.2573862986719,621675.1684354631,3867758.8066737941
5158.3753392381877,621685.6705591866,3867756.3270056928
5168.4958551612708,621696.17534320825,3867753.8467094656
5176.7156864006629,621704.70727503055,3867751.8322255635
5178.6177711009714,621706.68158040382,3867751.366070128
5188.739846713006,621717.18798333453,3867748.8853916582
5198.8608052711088,621727.69322679762,3867746.4049869515
5208.9794213624773,621738.19603885233,3867743.9251563274
5219.0945641420003,621748.69524571626,3867741.4461769289
5229.2051772582017,621759.18975092901,3867738.9683076427
5239.3103324076019,621769.67859094031,3867736.4917759732
5249.409244683101,621780.16095104069,3867734.0167742837
5259.5013066739721,621790.6362007563,3867731.543451434
5269.5860980789093,621801.10390382761,3867729.0719104307
5279.6633741262858,621811.56380618922,3867726.6022112621
5289.7330646199671,621822.01583497925,3867724.1343711307
5299.7952541412542,621832.46007799101,3867721.668369309
5309.8501615042014,621842.89676234662,3867719.2041521696
5319.898119342568,621853.32623330958,3867716.741638192
5329.9395543530882,621863.74893377791,3867714.2807228034
5339.974968495344,621874.16538477037,3867711.8212829861
5350.0049212103222,621884.57616696949,3867709.3631816334
5360.0300045008826,621894.98189485585,3867706.9062736603
5370.0508351338567,621905.38320861454,3867704.4504079116
5380.068041943834,621915.78076095646,3867701.9954302749
5390.082272890776,621926.17522444425,3867699.5411819518
5400.0941923931659,621936.56728872366,3867697.0875001079
5410.1044695700011,621946.95764831977,3867694.6342207594
5420.1137647548003,621957.34698863828,3867692.1811820725
5430.1227068754833,621967.73596248706,3867689.7282299139
5440.131872944371,621978.12516878732,3867687.275222871
5450.1417802398973,621988.51514445792,3867684.8220341709
5455.9434011210215,621994.53704836033,3867683.4001957495
5460.1528931093299,621998.6323025648,3867681.722621738
5470.1656318024188,622008.37331415119,3867677.7323278347
5480.1803780601731,622018.11627882079,3867673.7412338741
5490.1974818154313,622027.86153700959,3867669.749200399
5500.2172509274724,622037.60938822245,3867665.7561047212
5510.2399461441964,622047.36008613103,3867661.761842927
5520.2657565032314,622057.11381464265,3867657.7663396811
5530.2947798651012,622066.87066896213,3867653.7695559841
5540.3271114425443,622076.63074171857,3867649.7714538909
5550.3628264121589,622086.39410604804,3867645.772003443
5560.4019404252422,622096.16077717731,3867641.7711984017
5570.4443839693104,622105.93068748037,3867637.7690664702
5580.4900287671535,622115.70371216093,3867633.7656587698
5590.538717586327,622125.47969825391,3867629.7610379602
5600.5902462733529,622135.25844714593,3867625.7552854023
5610.644418960037,622145.03976828442,3867621.7484791521
5620.7010709308361,622154.82350142382,3867617.7406848543
5630.7601110855867,622164.60955793643,3867613.7319388129
5640.8214997555751,622174.39789922978,3867609.7222568374
5650.8852535358292,622184.18854144879,3867605.7116323137
5660.951412715619,622193.98152378923,3867601.7000491857
5671.0200304600066,622203.77689797338,3867597.6874862667
5681.0911682260339,622213.57472379052,3867593.6739190645
5681.6739132880239,622214.14165423531,3867593.441682497
5691.1648721726706,622222.20329124248,3867588.1894038408
5701.2411585484733,622230.76210643991,3867582.6132060606
5711.3200071522551,622239.32309799839,3867577.0355903488
5721.4013614808355,622247.88621792395,3867571.4565879735
5731.4851425421975,622256.45139912039,3867565.8762426483
5741.5712643196921,622265.01856852532,3867560.2946019759
5751.659611926787,622273.58762855374,3867554.711729533
5761.7500254421557,622282.15844336827,3867549.1277138209
5771.8422846039721,622290.73082587798,3867543.542676731
5781.9350889695515,622299.30367148493,3867537.9573379271
5789.9304911615172,622306.09498003242,3867533.53269751
5792.0040700088693,622307.85628151684,3867532.3851829059
5802.0760241200687,622316.41141688137,3867526.8113825936
5812.1515460348637,622324.96958274441,3867521.2356078643
5822.2312448510329,622333.53129647474,3867515.6575216465
5832.3157559394185,622342.09709775751,3867510.0767723257
5842.405724137021,622350.66753431829,3867504.4930030517
5852.5009797520979,622359.24246202072,3867498.9063077304
5862.5998313116879,622367.82044412463,3867493.3176224204
5872.6995949264865,622376.39920092991,3867487.7284323806
5882.7967209484032,622384.97571735911,3867482.1407019799
5887.2601991136826,622388.76700348686,3867479.6706216242
5892.8780748627678,622393.92332817137,3867475.8033781108
5902.9251378355693,622403.14494878531,3867468.88716265
5912.9586694238606,622412.35414972052,3867461.980261948
5922.9766351000362,622421.54906360118,3867455.0840765373
5932.976973687375,622430.72779859195,3867448.200025294
5942.9576414849325,622439.88847889728,3867441.3295150651
5952.9166507093387,622449.02928004554,3867434.4739142032
5962.8521134910598,622458.14846926974,3867427.6345222848
5972.7622755581851,622467.24443642481,3867420.8125469182
5982.6455555202974,622476.31573004345,3867414.0090767038
5992.5005721607922,622485.36108238657,3867407.2250624457
6002.32617380581,622494.37943639897,3867400.4612969365
6012.1214621509534,622503.36996757868,3867393.7183985515
6014.0977658867023,622505.18390298635,3867392.3579469956
6021.8857892397591,622513.15433894156,3867388.2645330545
6031.6187375277477,622523.1152542429,3867383.1488593598
6041.3200970784028,622533.04384092952,3867378.0497888224
6050.9898430376188,622542.94007356488,3867372.9673345052
6060.6281319460468,622552.80411235616,3867367.9014141308
6070.2353146698597,622562.63631638791,3867362.8518432821
6071.2325768115925,622563.65693659801,3867362.3276786041
6079.8119593242218,622571.81682975672,3867356.7789512565
6089.3588719859372,622580.89694562764,3867350.6044724649
6098.8770910609619,622589.94977088622,3867344.4485512888
6108.3678720938988,622598.97649968718,3867338.3103757044
6117.8326892081031,622607.9785340766,3867332.1889923201
6127.2732544640749,622616.95750240365,3867326.083293858
6133.824375105748,622623.18830566108,3867321.8463476431
6136.6915347060594,622626.03210270079,3867320.1829946572
6146.0897590231834,622635.35374719137,3867314.730712031
6155.4704151567757,622644.65796664974,3867309.2886214042
6157.6132212610164,622646.78331246413,3867308.0454946076
6164.8362352430404,622653.94747094973,3867303.855137757
6174.1901796511111,622663.22519633849,3867298.4285436617
6183.5354193101884,622672.49428790738,3867293.0069995364
6192.875314781907,622681.75807883521,3867287.5885557858
6202.2133922072817,622691.02006653068,3867282.1711667562
6211.5533122101742,622700.28388178977,3867276.752708775
6218.6532570462859,622707.32597393729,3867272.6337492168
6220.8988386248466,622709.39404922375,3867271.0826927521
6230.2537939911545,622718.0095242454,3867264.6210864857
6239.6220043075418,622726.63720645418,3867258.1503248299
6249.0072413072767,622735.28056943952,3867251.6678025909
6258.413164969782,622743.94298387086,3867245.1709917681
6267.8432673904636,622752.62766580412,3867238.6574803181
6277.3008191309673,622761.33762727329,3867232.1250092168
6286.7888297932686,622770.0756399805,3867225.5714996872
6296.3100137752199,622778.84420375875,3867218.9950768533
6305.8667583104143,622787.64551713842,3867212.3940918194
6315.4610934699485,622796.48144971952,3867205.7671423838
6325.0946685686467,622805.35352044378,3867199.1130893407
6325.52644989483,622805.75117078889,3867198.8148515821
6334.7687321199592,622813.80729085347,3867192.6962793814
6344.4841187687107,622822.27579672786,3867186.2645027675
6354.241256104845,622830.78069497168,3867179.8050863794
6364.0401904322462,622839.32202594634,3867173.3179995632
6373.8806179911617,622847.89952487685,3867166.8034434137
6383.7619137569091,622856.51264695462,3867160.2618317087
6393.6831606605983,622865.16059280816,3867153.6937715663
6403.6431807779509,622873.84233568888,3867147.1000427967
6413.6405660161254,622882.55664822005,3867140.4815775831
6423.6737082571535,622891.30212867062,3867133.8394405316
6433.7408310943583,622900.07722861948,3867127.1748076594
6443.8400230431826,622908.88028190355,3867120.4889444048
6453.9692727575548,622917.7095353147,3867113.7831823207
6464.1265018942286,622926.5631772459,3867107.0588973095
6469.4046478924929,622931.16392161231,3867103.5646610819
6474.3096008490975,622935.15591605508,3867100.5986465192
6484.5164628786297,622943.46297564602,3867094.4265788789
6494.7450084078555,622951.78768278833,3867088.2413992728
6504.993191759223,622960.12837256654,3867082.0443447176
6515.2589933776289,622968.48340132507,3867075.8366364338
6525.5404066568772,622976.85113594728,3867069.6194878123
6535.8354304841087,622985.22994778724,3867063.3941089218
6546.1420703831163,622993.61821360036,3867057.1617058171
6556.4583438014779,623002.01431984664,3867050.9234773442
6566.7822827905684,623010.41666487174,3867044.6806135168
6577.1119317779221,623018.82365709334,3867038.4342968659
6586.0285209184512,623026.08060218813,3867033.0424544821
6587.4453584130915,623027.23372382962,3867032.1856958792
6597.7806719034852,623035.64532622078,3867025.9359539156
6608.116046883868,623044.05697865691,3867019.686174769
6618.4497475883945,623052.46726844995,3867013.4374080529
6628.7801541960107,623060.87487727613,3867007.1906332709
6639.1057845558453,623069.27859885711,3867000.9467466748
6649.425311606532,623077.67735313741,3866994.7065507374
6659.7375704219003,623086.07019201841,3866988.4707498867
6670.0639778916166,623094.4745460659,3866982.2263933741
6678.1146673721405,623101.02676133718,3866977.3581586629
6680.4203476082257,623102.70504635444,3866975.5391142569
6690.7477320545568,623110.22226158332,3866967.3914229125
6701.037526797415,623117.7121155872,3866959.2733876053
6711.294336306516,623125.17795992002,3866951.1813756833
6721.5269586040677,623132.62619858759,3866943.1084460313
6731.7417681847137,623140.06147153,3866935.0495695518
6741.9433321317838,623147.48710308864,3866927.001143089
6752.1348500705571,623154.90542224329,3866918.9606423276
6762.3184754047888,623162.31799643824,3866910.9263683613
6772.4955602471973,623169.72580986493,3866902.8972544544
6782.6668504227528,623177.12940540293,3866894.872712194
6792.8326402345465,623184.52899727295,3866886.8525093934
6802.9929008265572,623191.92456447089,3866878.8366688178
6813.1473782091007,623199.31592211989,3866870.8253908497
6823.2956736414635,623206.70277998014,3866862.8189900727
6833.4373076540496,623214.08478904946,3866854.8178447587
6843.5717713147151,623221.46157888079,3866846.8223564257
6847.1391691548624,623224.05825740192,3866844.0078919642
6850.6038487299311,623225.9586407966,3866841.7954890993
6853.698570365159,623227.65610155126,3866839.8193262639
6863.8172654243954,623233.20622520591,3866833.357940888
6873.927506812468,623238.7517120057,3866826.9019536814
6884.0290743796959,623244.29244119814,3866820.4515052224
6894.1219209678438,623249.82838691678,3866814.0066256239
6904.2062182732079,623255.35964333732,3866807.5672052489
6914.2824042984666,623260.88645070535,3866801.1329644062
6924.3512314494783,623266.40922171669,3866794.7034226391
6934.4138090559463,623271.92856484081,3866788.2778715771
6944.4716401930054,623277.4453045174,3866781.8553514155
6954.5266419978507,623282.96049229964,3866775.4346379503
6964.5881260776951,623288.47923562233,3866769.0097851688
6974.653902516271,623294.00033331208,3866762.5821914626
6984.7205239721843,623299.52189449535,3866756.1540581631
6994.7888183418418,623305.04437327513,3866749.7248566085
7004.8595681703064,623310.56819887867,3866743.2940870994
7014.9335071112182,623316.0937737166,3866736.8612811523
7024.1891640632293,623321.17051931343,3866730.950996662
7025.0113137927765,623321.62147001759,3866730.4260054245
7035.0936045647632,623327.15162585082,3866723.9878663393
7045.1809252815274,623332.68454061844,3866717.5465153372
7055.2737423255967,623338.22047013207,3866711.101654605
7057.9372429120958,623339.68140531424,3866709.4008519184
7065.3724447751829,623344.6853265008,3866705.6629830804
7075.4773375394543,623351.48596055515,3866700.582991377
7085.5886321659564,623358.29090308875,3866695.4997812915
7095.7064201852791,623365.10021570232,3866690.4133068086
7105.8306745749815,623371.91388020967,3866685.3235815139
7115.9612520673272,623378.73180019076,3866680.2306774324
7126.0978981811295,623385.55380437872,3866675.1347224959
7136.2402486693172,623392.37964763411,3866670.0358998235
7146.3878287635689,623399.20901043562,3866664.9344480922
7156.5400599595832,623406.04150344757,3866659.8306581313
7166.6962588242532,623412.87666671688,3866654.7248735204
7176.855635098962,623419.71396839595,3866649.6174915433
7187.0173029811376,623426.55281233625,3866644.5089575155
7197.1802961302037,623433.39254818647,3866639.3997572418
7207.3435918351515,623440.23248765827,3866634.2904048646
7217.5061411681945,623447.07192481845,3866629.1814277088
7227.6669104655593,623453.91016400757,3866624.0733454237
7237.8249271880959,623460.74655070249,3866618.9666469283
7240.3274987367786,623462.43079156429,3866617.7085392969
7247.9793304393352,623467.58050551661,3866613.8617650187
7258.1294078690426,623474.41154903499,3866608.7590578124
7268.2746048172412,623481.23930796958,3866603.6588041503
7278.4145287453648,623488.06351814,3866598.5612013722
7288.5489476724379,623494.88402342238,3866593.4663661011
7298.6777827937531,623501.70077078068,3866588.374337954
7308.8010914234674,623508.51379878749,3866583.2850881172
7318.9190442533618,623515.32322231936,3866578.1985307802
7329.0318975701393,623522.12921385793,3866573.1145371008
7339.1399611706493,623528.93198189803,3866568.0329513354
7349.2435577760225,623535.73174363212,3866562.9536112454
7359.342990988991,623542.52870338608,3866557.8763641999
7369.438532096161,623549.32304373698,3866552.8010738171
7379.5304242016155,623556.1149282949,3866547.7276178822
7384.2422572950491,623559.28601118922,3866545.358857166
7389.6188916061037,623563.72704499203,3866543.7408060902
7390.4545693452874,623564.41730452504,3866543.4893161831
7399.7041500083105,623572.05734437332,3866540.7057357733
7409.7864127784069,623580.38516939932,3866537.6715669651
7419.8658732537388,623588.71067976439,3866534.6382414834
7429.9426965799394,623597.03401187668,3866531.6057096287
7440.017014421046,623605.35527448903,3866528.5739317774
7450.0889517547039,623613.67457083147,3866525.5428703194
7460.158626277389,623621.99199811998,3866522.5124898339
7470.2261407186907,623630.30764120782,3866519.4827594068
7480.2915856760483,623638.62157492735,3866516.4536517728
7490.3550020004513,623646.93383302097,3866513.4251546375
7500.4163704833063,623655.24439962278,3866510.3972737822
7510.4756129918551,623663.55321019597,3866507.3700327212
7520.5325902193126,623671.8601496747,3866504.3434733758
7530.58711136694,623680.16506046185,3866501.3176531666
7531.6026598829794,623681.00389104383,3866501.0120327217
7540.6389584238132,623688.46776248282,3866498.2926377016
7550.6879094059841,623696.76807238185,3866495.2684937846
7560.7337614145508,623705.06582256674,3866492.2452824768
7570.7763512936017,623713.36087827268,3866489.2230528784
7580.8155708515915,623721.65315013507,3866486.201837549
7590.8513769287274,623729.94260250404,3866483.1816494763
7600.883795447071,623741.01302272896,3866476.3413898251
7610.9129225978413,623752.0798110459,3866469.5033742799
7620.9389245527072,623763.14315081923,3866462.6674895422
7630.9620348597728,623774.20329976117,3866455.8335763747
7640.9825481855896,623785.26058302575,3866449.0014338698
7651.0008134260006,623796.31538560742,3866442.1708241445
7661.0172249034331,623807.36814262695,3866435.3414783441
7671.0322120118271,623818.4193279054,3866428.5131037002
7681.0462274373913,623829.46944096615,3866421.6853915658
7691.0597340965996,623840.5189926211,3866414.8580263155
7701.0731942897146,623851.56849300233,3866408.0306927464
7711.0870603667281,623862.61844126228,3866401.2030824395
7721.1017746492107,623873.66932548699,3866394.3748938129
7731.1177720188261,623884.72162555321,3866387.5458303574
7738.3133370479773,623892.66167794261,3866382.6397817265
